BEFORE-FIX BASELINE — /var/tmp/v6-r184/repo-before = bb5f5f01 + the pre-existing lint/type fix ONLY
===== SLICE /tmp/r184b-slice-aa =====
[run-tests.sh] DATABASE_URL(_TEST) pinned to schema=aether_test_r184b — safe to proceed.
.......................
Loading weights:   0%|          | 0/103 [00:00<?, ?it/s][A.

Loading weights:   0%|          | 0/103 [00:00<?, ?it/s][A[A................................................ [  4%]
.............................................Loading weights:   0%|          | 0/103 [00:00<?, ?it/s]........................... [  8%]
........................................................................ [ 12%]
........................................................................ [ 16%]
...................s........................................Loading weights:   0%|          | 0/103 [00:00<?, ?it/s]............ [ 20%]
........................................................................ [ 24%]
........................................................................ [ 28%]
........................................................................ [ 32%]
........................................................................ [ 36%]
........................................................................ [ 40%]
..................................................ssssssssssss.......... [ 44%]
........................................................................ [ 48%]
........................................................................ [ 52%]
..........................F...FF.FFFFF....FF.FFF.FFFF................... [ 56%]
........................................................................ [ 60%]
....................................Loading weights: 100%|██████████| 103/103 [00:00<00:00, 9016.43it/s]
.................................... [ 64%]
........................................................................ [ 68%]
........Loading weights:   0%|          | 0/103 [00:00<?, ?it/s]................................................................ [ 72%]
.......................Loading weights:   0%|          | 0/103 [00:00<?, ?it/s]................................................. [ 76%]
................................Loading weights:   0%|          | 0/103 [00:00<?, ?it/s]........................................ [ 80%]
........................................................................ [ 84%]
........................................................................ [ 88%]
........................................................................ [ 92%]
........................................................................ [ 96%]
......................................................................   [100%]
=================================== FAILURES ===================================
_________ test_live_submitter_never_submits_a_form_that_wipes_the_fill _________

tmp_path = PosixPath('/tmp/pytest-of-root/pytest-11/test_live_submitter_never_subm0')

    def test_live_submitter_never_submits_a_form_that_wipes_the_fill(tmp_path) -> None:
        """THE FLAGSHIP ASSERTION: a required fill the DOM did not keep must end in
        ManualStepRequired('form_fill_failed') — Submit is never clicked over an
        empty required field, and no 'submitted' outcome is ever returned."""
        from app.services.apply_executor import playwright_form_submitter
    
        with pytest.raises(ManualStepRequired) as exc_info:
            playwright_form_submitter(
                application_id="sub005wipe",
                channel="generic",
                page_html="",
                apply_url=_data_url(_WIPING_FORM),
                plan={"fields": [_name_plan_field()]},
                resume_pdf_bytes=b"%PDF-1.4 fake",
                cover_letter_text="Dear Hiring Manager,",
                evidence_dir=str(tmp_path),
            )
        err = exc_info.value
>       assert err.reason == "form_fill_failed"
E       AssertionError: assert 'no_confirmation' == 'form_fill_failed'
E         
E         - form_fill_failed
E         + no_confirmation

../../../repo/apps/api/tests/test_cli_sub005_fill_commit.py:548: AssertionError
----------------------------- Captured stderr call -----------------------------
Loading weights:   0%|          | 0/103 [00:00<?, ?it/s]Loading weights: 100%|██████████| 103/103 [00:00<00:00, 35700.63it/s]
------------------------------ Captured log call -------------------------------
WARNING  app.services.ats_engine:ats_engine.py:1210 ATS semantic scoring active path=local (HF_TOKEN=<absent>)
_ test_live_submitter_blocks_a_post_snapshot_conditional_field_with_no_answer __

tmp_path = PosixPath('/tmp/pytest-of-root/pytest-11/test_live_submitter_blocks_a_p0')

    def test_live_submitter_blocks_a_post_snapshot_conditional_field_with_no_answer(
        tmp_path,
    ) -> None:
        """THE ADVERSARIAL-REVIEW BREAK, ported: a required field that exists in
        the LIVE DOM at submit time but was absent from the plan's static
        pre-fill snapshot must BLOCK submission, honestly -- never a VERIFIED,
        CONFIRMED outcome over an untouched required field. This is the test
        that FAILED before this fix (it reproduced the reviewer's
        attack_stale_plan.py break against the real submitter)."""
        from app.services.apply_executor import playwright_form_submitter
    
        plan = {
            "fields": [
                # NOTE: no "visa_explain" entry -- exactly what build_form_fill_plan
                # would have produced from a pre-conditional-reveal snapshot.
                _name_plan_field(),
            ]
        }
        with pytest.raises(ManualStepRequired) as exc_info:
            playwright_form_submitter(
                application_id="sub005r2-block",
                channel="greenhouse",
                page_html="",
                apply_url=_data_url(_CONDITIONAL_LIVE_FORM),
                plan=plan,
                resume_pdf_bytes=b"%PDF-1.4 fake",
                cover_letter_text="Dear Hiring Manager,",
                evidence_dir=str(tmp_path),
                profile={},  # no stored answer for "Visa status explanation"
            )
        err = exc_info.value
>       assert err.reason == "unplanned_required_field"
E       AssertionError: assert 'no_confirmation' == 'unplanned_required_field'
E         
E         - unplanned_required_field
E         + no_confirmation

../../../repo/apps/api/tests/test_cli_sub005_fill_commit.py:691: AssertionError
_ test_live_submitter_answers_a_post_snapshot_conditional_field_from_the_answer_bank _

tmp_path = PosixPath('/tmp/pytest-of-root/pytest-11/test_live_submitter_answers_a_0')

    def test_live_submitter_answers_a_post_snapshot_conditional_field_from_the_answer_bank(
        tmp_path,
    ) -> None:
        """Guard against over-refusal: when the SAME post-snapshot conditional
        field CAN be answered (here: the answer bank), it is filled, verified,
        and the submission proceeds -- the confirmation only fires when the
        live DOM holds the EXACT committed value at submit time, so a truthy
        confirmation proves the resolved answer really crossed the submit
        boundary."""
        from app.services.answer_bank import (
            PROVENANCE_USER_ANSWERED,
            SENSITIVITY_FACTUAL,
            AnswerBankMatch,
        )
        from app.services.apply_executor import playwright_form_submitter
    
        match = AnswerBankMatch(
            item_id="bank-item-1",
            answer="No sponsorship required",
            confidence=0.97,
            method="test",
            question_as_seen="Visa status explanation",
            banked_question="Visa status explanation",
            sensitivity=SENSITIVITY_FACTUAL,
            provenance=PROVENANCE_USER_ANSWERED,
            per_application=False,
        )
    
        def answer_bank(field: dict[str, Any]) -> Any:
            return match if field["name"] == "visa_explain" else None
    
        plan = {"fields": [_name_plan_field()]}
>       outcome = playwright_form_submitter(
            application_id="sub005r2-answered",
            channel="greenhouse",
            page_html="",
            apply_url=_data_url(_CONDITIONAL_LIVE_FORM),
            plan=plan,
            resume_pdf_bytes=b"%PDF-1.4 fake",
            cover_letter_text="Dear Hiring Manager,",
            evidence_dir=str(tmp_path),
            profile={},
            answer_bank=answer_bank,
        )

../../../repo/apps/api/tests/test_cli_sub005_fill_commit.py:727: 
_ _ _ _ _ _ _ _ _ _ _ _ _ _ _ _ _ _ _ _ _ _ _ _ _ _ _ _ _ _ _ _ _ _ _ _ _ _ _ _ 

application_id = 'sub005r2-answered', channel = 'greenhouse', page_html = ''
apply_url = 'data:text/html;base64,Cjx0aXRsZT5jb25kaXRpb25hbC1maWVsZDwvdGl0bGU+Cjxmb3JtIG9uc3VibWl0PSJldmVudC5wcmV2ZW50RGVmYXVsdCg...AgICAnPGlucHV0IGlkPSJ2aXNhX2V4cGxhaW4iIHR5cGU9InRleHQiIGFyaWEtcmVxdWlyZWQ9InRydWUiPic7CiAgfSwgNDAwKTsKPC9zY3JpcHQ+Cg=='
plan = {'fields': [{'name': 'name', 'label': 'Name', 'kind': 'text', 'required': True, ...}]}
resume_pdf_bytes = b'%PDF-1.4 fake', cover_letter_text = 'Dear Hiring Manager,'
evidence_dir = '/tmp/pytest-of-root/pytest-11/test_live_submitter_answers_a_0'
profile = {}
answer_bank = <function test_live_submitter_answers_a_post_snapshot_conditional_field_from_the_answer_bank.<locals>.answer_bank at 0x7d346d0e49a0>
user_id = None, company = None, rebuild_plan = False, form_llm = None

    def playwright_form_submitter(
        *,
        application_id: str,
        channel: str,
        page_html: str,
        apply_url: str | None,
        plan: dict[str, Any],
        resume_pdf_bytes: bytes,
        cover_letter_text: str,
        evidence_dir: str,
        profile: dict[str, Any] | None = None,
        answer_bank: Callable[[dict[str, Any]], Any] | None = None,
        user_id: str | None = None,
        company: str | None = None,
        rebuild_plan: bool = False,
        form_llm: Callable[[dict[str, Any]], Any] | None = None,
    ) -> dict[str, Any]:
        """Fill and submit the application in a REAL headless Chromium.
    
        ``apply_url`` (production) navigates to the employer's live posting so the
        fill and the submit happen against their real form. Without one, the
        supplied ``page_html`` is loaded directly — the replay/offline mode used by
        tests and by re-running a captured page — and the returned summary says so
        in ``mode``, so an audit can always tell the two apart.
    
        ``profile``/``answer_bank`` (CLI-SUB-005-R2) are consulted ONLY to resolve
        a required field the live DOM reveals that the plan's static snapshot
        never saw — see :func:`_resolve_unplanned_required_fields`. Omitting them
        reproduces the pre-R2 behaviour for that (rare, additive) safety net: no
        stored answer means an honest refusal, exactly like every other unanswered
        required field.
    
        ``user_id``/``company`` (U5d-4) are needed only if the employer's ATS
        demands an emailed verification code after the submit click: the code is
        read from THAT user's own connected Gmail, and the employer is named in
        the manual step raised when it cannot be. Without a ``user_id`` (replay,
        or a direct call) a verification gate is an honest manual step rather
        than anything Aether tries to work around — and the gate is only ever
        even looked for AFTER CLI-SUB-005-R7's submission guard has cleared the
        click, so this can never open a path around it.
    
        Returns ``{"submitted", "evidencePath", "destination", "filled",
        "unfilled", "unplannedFilled", "mode", "verification"}``. Raises
        :class:`ApplyExecutorTransportError` if the browser itself could not be
        driven — never a fake success.
        """
        try:
            from playwright.sync_api import sync_playwright
        except ImportError as exc:  # pragma: no cover - dependency is declared
            raise ApplyExecutorTransportError(
                "browser_unavailable",
                "The application browser is not installed on this server — nothing was submitted.",
            ) from exc
    
        documents: dict[str, str] = {}
        temp_dir = tempfile.mkdtemp(prefix="aether-apply-")
        resume_path = Path(temp_dir) / (
            f"resume-{application_id[:8]}{_resume_suffix(resume_pdf_bytes)}"
        )
        resume_path.write_bytes(resume_pdf_bytes or b"")
        documents[RESUME_DOCUMENT] = str(resume_path)
        cover_path = Path(temp_dir) / f"cover-letter-{application_id[:8]}.txt"
        cover_path.write_text(cover_letter_text or "")
        documents[COVER_LETTER_DOCUMENT] = str(cover_path)
    
        filled: list[str] = []
        unfilled: list[str] = []
        blocked_required: list[str] = []
        unplanned_filled: list[str] = []
        mode = "live" if apply_url else "replay"
        verification: dict[str, Any] | None = None
        screenshot = _evidence_path(evidence_dir, application_id, "confirmation.png")
        try:
            with sync_playwright() as runner:  # noqa: SIM117 — cleanup handled below
                browser = runner.chromium.launch(
                    **_chromium_launch_kwargs(
                        live=str(apply_url or "").startswith(("http://", "https://"))
                    )
                )
                _renice_browser_tree()
                try:
                    page = browser.new_page(viewport={"width": 1280, "height": 1600})
                    # CLI-SUB-005-R7 (attack C2) — armed BEFORE any navigation, so
                    # it is in place before the page's own scripts (and therefore
                    # any custom element's connectedCallback) ever run. See the
                    # module note above _CLOSED_SHADOW_MARKER_INIT_JS.
                    page.add_init_script(_CLOSED_SHADOW_MARKER_INIT_JS)
                    if apply_url:
                        if str(apply_url).startswith(("http://", "https://")):
                            page.add_init_script(_HIDE_WEBDRIVER_INIT_JS)
                        page.goto(apply_url, wait_until="domcontentloaded", timeout=45000)
                        wait_for_application_form(page, live=True)
                        if rebuild_plan:
                            plan = build_form_fill_plan(
                                page.content() or "",
                                channel=channel,
                                profile=profile or {},
                                answer_bank=answer_bank,
                                form_llm=form_llm,
                            )
                    else:
                        # Replay: the DOM was captured elsewhere, so every
                        # subresource in it (CDN CSS, fonts, the employer's
                        # analytics, Google's reCAPTCHA script) is both useless and
                        # a live third-party request we have no reason to make.
                        # Block the lot — it also stops a replay from hanging on a
                        # host that no longer answers.
                        page.route("**/*", lambda route: route.abort())
                        page.set_content(page_html or "", wait_until="domcontentloaded")
                    if _hcaptcha_widget_mounted(page):
                        # SUB-011: an hCaptcha widget needs a REAL human to solve
                        # it — nothing here does, or tries to, and there is no
                        # point filling the rest of the form first: the outcome
                        # is already decided. Screenshot the page as evidence
                        # and refuse honestly, distinctly from a TRIGGERED
                        # challenge (`detect_blocking_state`'s "captcha" reason,
                        # checked earlier while the PLAN was built) — this is a
                        # MOUNT, caught here because build_form_fill_plan's
                        # static snapshot cannot see the live DOM's widget.
                        page.screenshot(path=str(screenshot), full_page=True)
                        raise ManualStepRequired(
                            "captcha_challenge",
                            (
                                "This application is protected by an hCaptcha "
                                "challenge Aether cannot solve or bypass, so "
                                "nothing was submitted. Open the posting and "
                                "finish it yourself."
                            ),
                        )
                    # CLI-SUB-005: live HTTP(S) mode verifies every fill's
                    # committed DOM state (read-back + one retry) and runs the
                    # unverifiable-surface backstop. A data: URL is a local SPA
                    # fixture used to exercise wait/CTA/submit — it is not an
                    # employer ATS page, so the conservative census does not
                    # apply. Replay (no URL) keeps raw fills: a captured page
                    # is JS-dead and no employer can receive anything from it.
                    verify_commit = bool(apply_url) and str(apply_url).startswith(
                        ("http://", "https://")
                    )
                    filled, unfilled, blocked_required = _run_fill_plan(
                        page, plan["fields"], documents, verify=verify_commit
                    )
                    if blocked_required:
                        # A REQUIRED answer we hold did not land in the form. The
                        # employer would receive an incomplete application with the
                        # user's name on it, so nothing is submitted: screenshot the
                        # half-filled form as evidence and hand it back as a manual
                        # step. (The click is skipped ENTIRELY — this is not a
                        # "submit and hope" path.)
                        page.screenshot(path=str(screenshot), full_page=True)
                        raise ManualStepRequired(
                            "form_fill_failed",
                            (
                                "Aether could not enter every required answer into "
                                "this application form, so it submitted nothing. "
                                "Open the posting and apply yourself: "
                                + "; ".join(blocked_required)
                            ),
                            question="; ".join(blocked_required),
                        )
                    if verify_commit:
                        # CLI-SUB-005-R3 (adversarial review FAIL,
                        # RUN-20260818T0223Z/SUB-005-R2/08-adversarial-review-
                        # premerge.md): the plan was built from a STATIC,
                        # unanswered page snapshot — a conditional/branching
                        # question (first-class on Ashby/Greenhouse) only exists
                        # in the live DOM once an earlier question is answered,
                        # so it is structurally invisible to that plan, AND the
                        # gate's own refill of a wiped field can itself trigger
                        # the same reveal. Both halves are now ONE bounded
                        # fixed-point loop (_converge_presubmit_state) that
                        # rescans and refills together until a pass changes
                        # nothing, then a final READ-ONLY pass confirms it before
                        # returning. CLI-SUB-005-R6: the ONLY thing that happens
                        # between this call returning and the submit click below
                        # is installing our OWN defensive instrumentation
                        # (_install_submission_guard) — an inert marker attribute
                        # plus an event listener that can never itself reveal,
                        # hide, or answer anything — never a change to any
                        # question's requiredness or committed state.
                        try:
                            unplanned_filled = _converge_presubmit_state(
                                page,
                                channel,
                                plan["fields"],
                                documents,
                                profile=profile,
                                answer_bank=answer_bank,
                            )
                            # CLI-SUB-005-R5 CONSERVATIVE REFUSE-BACKSTOP — see
                            # _verify_no_unverifiable_form_surface. Runs AFTER
                            # convergence has resolved everything it CAN see,
                            # still strictly before the submit click below: the
                            # decisive check that nothing shaped like a control,
                            # on any readable or unreadable surface, was left
                            # unaccounted for. Read-only, like everything above it.
                            _verify_no_unverifiable_form_surface(page, channel)
                            # CLI-SUB-005-R6 root cause 2 (RUN-20260818T0223Z/
                            # SUB-005-R5/08-adversarial-final.md attack #7):
                            # everything above is a CHECK; the click below is the
                            # ACT, and a page's own mousedown/focus handler on the
                            # submit control can reveal a brand-new required field
                            # in that exact gap — deterministically, by DOM
                            # event-ordering spec, not a race. Rather than add
                            # another check-then-act layer, GUARD THE SUBMISSION
                            # EVENT ITSELF: install a capture-phase listener, in
                            # the browser, that re-runs the identical shadow-DOM-
                            # piercing live census (root cause 1) at the literal
                            # instant the submit/click event fires and cancels the
                            # submission outright if anything required is still
                            # uncommitted THEN. Installed on the top document and
                            # every reachable frame, mirroring the backstop above.
                            _install_submission_guard(page)
                            for frame in _reachable_frames(page):
                                _install_submission_guard(frame)
                        except ManualStepRequired:
                            page.screenshot(path=str(screenshot), full_page=True)
                            raise
                        filled.extend(unplanned_filled)
                    before_url = page.url
                    submitted_at = time.time()
                    # SUB-007: probe the form's own state BEFORE the click — the
                    # submit control's armed/disabled state, the errors already on
                    # screen and any confirmation wording the form page itself
                    # carries. Post-submit classification compares against this, so
                    # "the site rejected the form" and "the site took it silently"
                    # can never collapse into the same verdict again.
                    before_probe = _submit_state_probe(page) if apply_url else {}
                    activation = _activate_submit(page)
                    submitted = activation.clicked
                    # CLI-SUB-005-R6/R7 — THE DECISIVE INVARIANT, and it runs
                    # BEFORE any classification of this click: the click above can
                    # succeed (Playwright's own actionability check is satisfied)
                    # even when our capture-phase guard cancelled the SUBMISSION
                    # itself — `activation.clicked` alone cannot tell the two
                    # apart, so read back what the guard actually blocked, on
                    # every surface it was installed on, before SUB-007's
                    # classify_post_submit ever runs. A required control
                    # uncommitted at the instant of submission ⇒ the submission
                    # never completed ⇒ this is an honest refusal, never a
                    # submitted:true outcome. The employer received NOTHING — the
                    # guard cancelled the browser's own default action before it
                    # ever fired. (Merge rationale, RUN-20260818T0223Z/BATCH-2:
                    # the guard-block check is the supreme, fail-closed safety
                    # invariant and must gate classification, not run beside or
                    # after it — see 02-apply-stack-reconcile.md.)
                    blocked_submission = _blocked_submission_on(page)
                    if blocked_submission:
                        page.screenshot(path=str(screenshot), full_page=True)
                        raise _manual_step_for_blocked_submission(blocked_submission)
                    page.wait_for_timeout(1500)
                    # U5d-4 — verification-code loop. Sited strictly AFTER the
                    # guard-check above: a click the R7 guard blocked never
                    # reaches this line at all, so the code loop can never run
                    # instead of, or ahead of, that fail-closed check — it can
                    # only ever run once the guard has already cleared the
                    # click. _resolve_verification_gate re-arms the SAME guard
                    # for its own resubmit (page + every reachable frame,
                    # fail-closed on any install anomaly) and re-checks THAT
                    # click through the identical _blocked_submission_on before
                    # it ever returns — see its own docstring.
                    #
                    # It also RE-CAPTURES a fresh before_probe/activation right
                    # before that resubmit and hands both back here, and
                    # SUB-007's classify_post_submit below is repointed at them
                    # instead of the pre-first-click snapshot. This is
                    # deliberate, not incidental: classify_post_submit's own
                    # honesty floor (a confirmation phrase already sitting on the
                    # page before the classified click is NOT proof —
                    # ``test_a_confirmation_phrase_already_on_the_form_page_is_
                    # not_proof``) depends on ``before_probe`` describing the
                    # page immediately before the LAST click actually made. A
                    # verification gate can be a genuine top-level navigation to
                    # a different document (proven live by the u5d4 P0 fix,
                    # 06-u5d4-adversarial-review.md); comparing that document's
                    # after-state against a stale before_probe from the ORIGINAL
                    # form would let a confirmation-shaped phrase already
                    # sitting on the gate page (e.g. "Thanks for applying! Enter
                    # the code we emailed you to finish.") count as "new" and
                    # therefore as proof, silently bypassing a protection SUB-007
                    # was adversarially hardened against. Recapturing keeps that
                    # protection intact on the gated path exactly as it holds on
                    # the ungated one.
                    if apply_url and submitted and _detect_verification_gate(page):
                        verification = _resolve_verification_gate(
                            page,
                            application_id=application_id,
                            evidence_dir=evidence_dir,
                            since_epoch=submitted_at,
                            user_id=user_id,
                            company=company,
                            form_email=_planned_form_email(plan),
                        )
                        before_url = str(verification.get("beforeUrl") or before_url)
                        before_probe = verification.get("beforeProbe") or before_probe
                        resubmit_control = verification.get("submitControl")
                        if resubmit_control:
                            activation = SubmitActivation(**resubmit_control)
                    post_submit = (
                        classify_post_submit(
                            page,
                            before_url,
                            before_probe=before_probe,
                            activation=activation,
                        )
                        if apply_url
                        else None
                    )
                    classification = (
                        post_submit.classification if post_submit else POST_SUBMIT_NOT_CLASSIFIED
                    )
                    confirmation = post_submit.confirmation if post_submit else None
                    page.screenshot(path=str(screenshot), full_page=True)
                    if (
                        apply_url
                        and post_submit is not None
                        and post_submit.classification != POST_SUBMIT_CONFIRMED
                    ):
                        # LIVE mode demands PROOF, not a click. Without a
                        # confirmation page (or a navigation away from the form),
                        # we do not know the employer received anything — and
                        # "clicked submit" is not "applied". The screenshot above
                        # captures whatever the page is actually showing so the
                        # user can act on it, and the reason code now says WHICH
                        # of the honest non-receipt endings this was (rejected /
                        # submitted-unconfirmed / unreadable).
                        #
                        # ROUND-2 REVIEW: this is deliberately NOT gated on
                        # ``submitted`` any more. It used to be, so the one case
                        # the ledger names — a present-but-disabled submit control,
                        # which produced ``submitted=False`` — skipped this branch
                        # entirely and the outcome that had already been classified
                        # (from a before-probe that correctly read
                        # ``submitEnabled=False``) was computed and discarded.
>                       raise ManualStepRequired(
                            post_submit.reason or MANUAL_STEP_NO_CONFIRMATION,
                            post_submit.detail,
                        )
E                       app.services.apply_executor.ManualStepRequired: Aether filled and submitted this application but the site showed no confirmation and no error, so it will not claim the application was received. Check the screenshot and finish it on the site if needed.

app/services/apply_executor.py:4052: ManualStepRequired
__________ test_live_submitter_refills_a_field_wiped_by_a_file_upload __________

tmp_path = PosixPath('/tmp/pytest-of-root/pytest-11/test_live_submitter_refills_a_0')

    def test_live_submitter_refills_a_field_wiped_by_a_file_upload(tmp_path) -> None:
        """The Ashby autofill-from-resume scenario end-to-end: the résumé upload
        re-render wipes an earlier committed field; the pre-submit gate detects it,
        refills it, and only then submits — the employer receives the real value."""
        from app.services.apply_executor import RESUME_DOCUMENT, playwright_form_submitter
    
        plan = {
            "fields": [
                _name_plan_field(),
                {"name": "resume", "label": "Resume", "kind": "file", "required": True,
                 "scope": "", "value": RESUME_DOCUMENT, "options": []},
            ]
        }
>       outcome = playwright_form_submitter(
            application_id="sub005refill",
            channel="generic",
            page_html="",
            apply_url=_data_url(_AUTOFILL_WIPE_FORM),
            plan=plan,
            resume_pdf_bytes=b"%PDF-1.4 fake",
            cover_letter_text="Dear Hiring Manager,",
            evidence_dir=str(tmp_path),
        )

../../../repo/apps/api/tests/test_cli_sub005_fill_commit.py:801: 
_ _ _ _ _ _ _ _ _ _ _ _ _ _ _ _ _ _ _ _ _ _ _ _ _ _ _ _ _ _ _ _ _ _ _ _ _ _ _ _ 

application_id = 'sub005refill', channel = 'generic', page_html = ''
apply_url = 'data:text/html;base64,Cjx0aXRsZT5hdXRvZmlsbDwvdGl0bGU+Cjxmb3JtIG9uc3VibWl0PSJldmVudC5wcmV2ZW50RGVmYXVsdCgpOwogICAgaWY...RUaW1lb3V0KCgpID0+IHsgZG9jdW1lbnQuZ2V0RWxlbWVudEJ5SWQoJ25hbWUnKS52YWx1ZSA9ICcnOyB9LCAxMDApOyB9CiAgfSk7Cjwvc2NyaXB0Pgo='
plan = {'fields': [{'name': 'name', 'label': 'Name', 'kind': 'text', 'required': True, ...}, {'name': 'resume', 'label': 'Resume', 'kind': 'file', 'required': True, ...}]}
resume_pdf_bytes = b'%PDF-1.4 fake', cover_letter_text = 'Dear Hiring Manager,'
evidence_dir = '/tmp/pytest-of-root/pytest-11/test_live_submitter_refills_a_0'
profile = None, answer_bank = None, user_id = None, company = None
rebuild_plan = False, form_llm = None

    def playwright_form_submitter(
        *,
        application_id: str,
        channel: str,
        page_html: str,
        apply_url: str | None,
        plan: dict[str, Any],
        resume_pdf_bytes: bytes,
        cover_letter_text: str,
        evidence_dir: str,
        profile: dict[str, Any] | None = None,
        answer_bank: Callable[[dict[str, Any]], Any] | None = None,
        user_id: str | None = None,
        company: str | None = None,
        rebuild_plan: bool = False,
        form_llm: Callable[[dict[str, Any]], Any] | None = None,
    ) -> dict[str, Any]:
        """Fill and submit the application in a REAL headless Chromium.
    
        ``apply_url`` (production) navigates to the employer's live posting so the
        fill and the submit happen against their real form. Without one, the
        supplied ``page_html`` is loaded directly — the replay/offline mode used by
        tests and by re-running a captured page — and the returned summary says so
        in ``mode``, so an audit can always tell the two apart.
    
        ``profile``/``answer_bank`` (CLI-SUB-005-R2) are consulted ONLY to resolve
        a required field the live DOM reveals that the plan's static snapshot
        never saw — see :func:`_resolve_unplanned_required_fields`. Omitting them
        reproduces the pre-R2 behaviour for that (rare, additive) safety net: no
        stored answer means an honest refusal, exactly like every other unanswered
        required field.
    
        ``user_id``/``company`` (U5d-4) are needed only if the employer's ATS
        demands an emailed verification code after the submit click: the code is
        read from THAT user's own connected Gmail, and the employer is named in
        the manual step raised when it cannot be. Without a ``user_id`` (replay,
        or a direct call) a verification gate is an honest manual step rather
        than anything Aether tries to work around — and the gate is only ever
        even looked for AFTER CLI-SUB-005-R7's submission guard has cleared the
        click, so this can never open a path around it.
    
        Returns ``{"submitted", "evidencePath", "destination", "filled",
        "unfilled", "unplannedFilled", "mode", "verification"}``. Raises
        :class:`ApplyExecutorTransportError` if the browser itself could not be
        driven — never a fake success.
        """
        try:
            from playwright.sync_api import sync_playwright
        except ImportError as exc:  # pragma: no cover - dependency is declared
            raise ApplyExecutorTransportError(
                "browser_unavailable",
                "The application browser is not installed on this server — nothing was submitted.",
            ) from exc
    
        documents: dict[str, str] = {}
        temp_dir = tempfile.mkdtemp(prefix="aether-apply-")
        resume_path = Path(temp_dir) / (
            f"resume-{application_id[:8]}{_resume_suffix(resume_pdf_bytes)}"
        )
        resume_path.write_bytes(resume_pdf_bytes or b"")
        documents[RESUME_DOCUMENT] = str(resume_path)
        cover_path = Path(temp_dir) / f"cover-letter-{application_id[:8]}.txt"
        cover_path.write_text(cover_letter_text or "")
        documents[COVER_LETTER_DOCUMENT] = str(cover_path)
    
        filled: list[str] = []
        unfilled: list[str] = []
        blocked_required: list[str] = []
        unplanned_filled: list[str] = []
        mode = "live" if apply_url else "replay"
        verification: dict[str, Any] | None = None
        screenshot = _evidence_path(evidence_dir, application_id, "confirmation.png")
        try:
            with sync_playwright() as runner:  # noqa: SIM117 — cleanup handled below
                browser = runner.chromium.launch(
                    **_chromium_launch_kwargs(
                        live=str(apply_url or "").startswith(("http://", "https://"))
                    )
                )
                _renice_browser_tree()
                try:
                    page = browser.new_page(viewport={"width": 1280, "height": 1600})
                    # CLI-SUB-005-R7 (attack C2) — armed BEFORE any navigation, so
                    # it is in place before the page's own scripts (and therefore
                    # any custom element's connectedCallback) ever run. See the
                    # module note above _CLOSED_SHADOW_MARKER_INIT_JS.
                    page.add_init_script(_CLOSED_SHADOW_MARKER_INIT_JS)
                    if apply_url:
                        if str(apply_url).startswith(("http://", "https://")):
                            page.add_init_script(_HIDE_WEBDRIVER_INIT_JS)
                        page.goto(apply_url, wait_until="domcontentloaded", timeout=45000)
                        wait_for_application_form(page, live=True)
                        if rebuild_plan:
                            plan = build_form_fill_plan(
                                page.content() or "",
                                channel=channel,
                                profile=profile or {},
                                answer_bank=answer_bank,
                                form_llm=form_llm,
                            )
                    else:
                        # Replay: the DOM was captured elsewhere, so every
                        # subresource in it (CDN CSS, fonts, the employer's
                        # analytics, Google's reCAPTCHA script) is both useless and
                        # a live third-party request we have no reason to make.
                        # Block the lot — it also stops a replay from hanging on a
                        # host that no longer answers.
                        page.route("**/*", lambda route: route.abort())
                        page.set_content(page_html or "", wait_until="domcontentloaded")
                    if _hcaptcha_widget_mounted(page):
                        # SUB-011: an hCaptcha widget needs a REAL human to solve
                        # it — nothing here does, or tries to, and there is no
                        # point filling the rest of the form first: the outcome
                        # is already decided. Screenshot the page as evidence
                        # and refuse honestly, distinctly from a TRIGGERED
                        # challenge (`detect_blocking_state`'s "captcha" reason,
                        # checked earlier while the PLAN was built) — this is a
                        # MOUNT, caught here because build_form_fill_plan's
                        # static snapshot cannot see the live DOM's widget.
                        page.screenshot(path=str(screenshot), full_page=True)
                        raise ManualStepRequired(
                            "captcha_challenge",
                            (
                                "This application is protected by an hCaptcha "
                                "challenge Aether cannot solve or bypass, so "
                                "nothing was submitted. Open the posting and "
                                "finish it yourself."
                            ),
                        )
                    # CLI-SUB-005: live HTTP(S) mode verifies every fill's
                    # committed DOM state (read-back + one retry) and runs the
                    # unverifiable-surface backstop. A data: URL is a local SPA
                    # fixture used to exercise wait/CTA/submit — it is not an
                    # employer ATS page, so the conservative census does not
                    # apply. Replay (no URL) keeps raw fills: a captured page
                    # is JS-dead and no employer can receive anything from it.
                    verify_commit = bool(apply_url) and str(apply_url).startswith(
                        ("http://", "https://")
                    )
                    filled, unfilled, blocked_required = _run_fill_plan(
                        page, plan["fields"], documents, verify=verify_commit
                    )
                    if blocked_required:
                        # A REQUIRED answer we hold did not land in the form. The
                        # employer would receive an incomplete application with the
                        # user's name on it, so nothing is submitted: screenshot the
                        # half-filled form as evidence and hand it back as a manual
                        # step. (The click is skipped ENTIRELY — this is not a
                        # "submit and hope" path.)
                        page.screenshot(path=str(screenshot), full_page=True)
                        raise ManualStepRequired(
                            "form_fill_failed",
                            (
                                "Aether could not enter every required answer into "
                                "this application form, so it submitted nothing. "
                                "Open the posting and apply yourself: "
                                + "; ".join(blocked_required)
                            ),
                            question="; ".join(blocked_required),
                        )
                    if verify_commit:
                        # CLI-SUB-005-R3 (adversarial review FAIL,
                        # RUN-20260818T0223Z/SUB-005-R2/08-adversarial-review-
                        # premerge.md): the plan was built from a STATIC,
                        # unanswered page snapshot — a conditional/branching
                        # question (first-class on Ashby/Greenhouse) only exists
                        # in the live DOM once an earlier question is answered,
                        # so it is structurally invisible to that plan, AND the
                        # gate's own refill of a wiped field can itself trigger
                        # the same reveal. Both halves are now ONE bounded
                        # fixed-point loop (_converge_presubmit_state) that
                        # rescans and refills together until a pass changes
                        # nothing, then a final READ-ONLY pass confirms it before
                        # returning. CLI-SUB-005-R6: the ONLY thing that happens
                        # between this call returning and the submit click below
                        # is installing our OWN defensive instrumentation
                        # (_install_submission_guard) — an inert marker attribute
                        # plus an event listener that can never itself reveal,
                        # hide, or answer anything — never a change to any
                        # question's requiredness or committed state.
                        try:
                            unplanned_filled = _converge_presubmit_state(
                                page,
                                channel,
                                plan["fields"],
                                documents,
                                profile=profile,
                                answer_bank=answer_bank,
                            )
                            # CLI-SUB-005-R5 CONSERVATIVE REFUSE-BACKSTOP — see
                            # _verify_no_unverifiable_form_surface. Runs AFTER
                            # convergence has resolved everything it CAN see,
                            # still strictly before the submit click below: the
                            # decisive check that nothing shaped like a control,
                            # on any readable or unreadable surface, was left
                            # unaccounted for. Read-only, like everything above it.
                            _verify_no_unverifiable_form_surface(page, channel)
                            # CLI-SUB-005-R6 root cause 2 (RUN-20260818T0223Z/
                            # SUB-005-R5/08-adversarial-final.md attack #7):
                            # everything above is a CHECK; the click below is the
                            # ACT, and a page's own mousedown/focus handler on the
                            # submit control can reveal a brand-new required field
                            # in that exact gap — deterministically, by DOM
                            # event-ordering spec, not a race. Rather than add
                            # another check-then-act layer, GUARD THE SUBMISSION
                            # EVENT ITSELF: install a capture-phase listener, in
                            # the browser, that re-runs the identical shadow-DOM-
                            # piercing live census (root cause 1) at the literal
                            # instant the submit/click event fires and cancels the
                            # submission outright if anything required is still
                            # uncommitted THEN. Installed on the top document and
                            # every reachable frame, mirroring the backstop above.
                            _install_submission_guard(page)
                            for frame in _reachable_frames(page):
                                _install_submission_guard(frame)
                        except ManualStepRequired:
                            page.screenshot(path=str(screenshot), full_page=True)
                            raise
                        filled.extend(unplanned_filled)
                    before_url = page.url
                    submitted_at = time.time()
                    # SUB-007: probe the form's own state BEFORE the click — the
                    # submit control's armed/disabled state, the errors already on
                    # screen and any confirmation wording the form page itself
                    # carries. Post-submit classification compares against this, so
                    # "the site rejected the form" and "the site took it silently"
                    # can never collapse into the same verdict again.
                    before_probe = _submit_state_probe(page) if apply_url else {}
                    activation = _activate_submit(page)
                    submitted = activation.clicked
                    # CLI-SUB-005-R6/R7 — THE DECISIVE INVARIANT, and it runs
                    # BEFORE any classification of this click: the click above can
                    # succeed (Playwright's own actionability check is satisfied)
                    # even when our capture-phase guard cancelled the SUBMISSION
                    # itself — `activation.clicked` alone cannot tell the two
                    # apart, so read back what the guard actually blocked, on
                    # every surface it was installed on, before SUB-007's
                    # classify_post_submit ever runs. A required control
                    # uncommitted at the instant of submission ⇒ the submission
                    # never completed ⇒ this is an honest refusal, never a
                    # submitted:true outcome. The employer received NOTHING — the
                    # guard cancelled the browser's own default action before it
                    # ever fired. (Merge rationale, RUN-20260818T0223Z/BATCH-2:
                    # the guard-block check is the supreme, fail-closed safety
                    # invariant and must gate classification, not run beside or
                    # after it — see 02-apply-stack-reconcile.md.)
                    blocked_submission = _blocked_submission_on(page)
                    if blocked_submission:
                        page.screenshot(path=str(screenshot), full_page=True)
                        raise _manual_step_for_blocked_submission(blocked_submission)
                    page.wait_for_timeout(1500)
                    # U5d-4 — verification-code loop. Sited strictly AFTER the
                    # guard-check above: a click the R7 guard blocked never
                    # reaches this line at all, so the code loop can never run
                    # instead of, or ahead of, that fail-closed check — it can
                    # only ever run once the guard has already cleared the
                    # click. _resolve_verification_gate re-arms the SAME guard
                    # for its own resubmit (page + every reachable frame,
                    # fail-closed on any install anomaly) and re-checks THAT
                    # click through the identical _blocked_submission_on before
                    # it ever returns — see its own docstring.
                    #
                    # It also RE-CAPTURES a fresh before_probe/activation right
                    # before that resubmit and hands both back here, and
                    # SUB-007's classify_post_submit below is repointed at them
                    # instead of the pre-first-click snapshot. This is
                    # deliberate, not incidental: classify_post_submit's own
                    # honesty floor (a confirmation phrase already sitting on the
                    # page before the classified click is NOT proof —
                    # ``test_a_confirmation_phrase_already_on_the_form_page_is_
                    # not_proof``) depends on ``before_probe`` describing the
                    # page immediately before the LAST click actually made. A
                    # verification gate can be a genuine top-level navigation to
                    # a different document (proven live by the u5d4 P0 fix,
                    # 06-u5d4-adversarial-review.md); comparing that document's
                    # after-state against a stale before_probe from the ORIGINAL
                    # form would let a confirmation-shaped phrase already
                    # sitting on the gate page (e.g. "Thanks for applying! Enter
                    # the code we emailed you to finish.") count as "new" and
                    # therefore as proof, silently bypassing a protection SUB-007
                    # was adversarially hardened against. Recapturing keeps that
                    # protection intact on the gated path exactly as it holds on
                    # the ungated one.
                    if apply_url and submitted and _detect_verification_gate(page):
                        verification = _resolve_verification_gate(
                            page,
                            application_id=application_id,
                            evidence_dir=evidence_dir,
                            since_epoch=submitted_at,
                            user_id=user_id,
                            company=company,
                            form_email=_planned_form_email(plan),
                        )
                        before_url = str(verification.get("beforeUrl") or before_url)
                        before_probe = verification.get("beforeProbe") or before_probe
                        resubmit_control = verification.get("submitControl")
                        if resubmit_control:
                            activation = SubmitActivation(**resubmit_control)
                    post_submit = (
                        classify_post_submit(
                            page,
                            before_url,
                            before_probe=before_probe,
                            activation=activation,
                        )
                        if apply_url
                        else None
                    )
                    classification = (
                        post_submit.classification if post_submit else POST_SUBMIT_NOT_CLASSIFIED
                    )
                    confirmation = post_submit.confirmation if post_submit else None
                    page.screenshot(path=str(screenshot), full_page=True)
                    if (
                        apply_url
                        and post_submit is not None
                        and post_submit.classification != POST_SUBMIT_CONFIRMED
                    ):
                        # LIVE mode demands PROOF, not a click. Without a
                        # confirmation page (or a navigation away from the form),
                        # we do not know the employer received anything — and
                        # "clicked submit" is not "applied". The screenshot above
                        # captures whatever the page is actually showing so the
                        # user can act on it, and the reason code now says WHICH
                        # of the honest non-receipt endings this was (rejected /
                        # submitted-unconfirmed / unreadable).
                        #
                        # ROUND-2 REVIEW: this is deliberately NOT gated on
                        # ``submitted`` any more. It used to be, so the one case
                        # the ledger names — a present-but-disabled submit control,
                        # which produced ``submitted=False`` — skipped this branch
                        # entirely and the outcome that had already been classified
                        # (from a before-probe that correctly read
                        # ``submitEnabled=False``) was computed and discarded.
>                       raise ManualStepRequired(
                            post_submit.reason or MANUAL_STEP_NO_CONFIRMATION,
                            post_submit.detail,
                        )
E                       app.services.apply_executor.ManualStepRequired: The site REJECTED this application form, so nothing was submitted — it is showing: "Missing entry for required field: Name". Open the posting, fix the flagged answers and submit it yourself.

app/services/apply_executor.py:4052: ManualStepRequired
____ test_live_submitter_never_submits_over_a_field_the_gate_refill_reveals ____

tmp_path = PosixPath('/tmp/pytest-of-root/pytest-11/test_live_submitter_never_subm1')

    def test_live_submitter_never_submits_over_a_field_the_gate_refill_reveals(
        tmp_path,
    ) -> None:
        """THE R2->R3 ADVERSARIAL-REVIEW BREAK, ported exactly from
        adversarial/attack_gate_refill.py: the gate's own refill of a wiped
        'sponsor' select re-reveals the required 'explain' field, and nothing
        unanswerable may ever cross the submit boundary. On the unfixed R2 branch
        this raised nothing and returned submitted:true, unplannedFilled:[] --
        this is that exact break, captured as a permanent regression test."""
        from app.services.apply_executor import playwright_form_submitter
    
        with pytest.raises(ManualStepRequired) as exc_info:
            playwright_form_submitter(
                application_id="sub005r3-gatehole",
                channel="generic",
                page_html="",
                apply_url=_data_url(_GATE_REFILL_REVEALS_CONDITIONAL_FORM),
                plan=_gate_refill_plan(),
                resume_pdf_bytes=b"%PDF-1.4 fake",
                cover_letter_text="Dear Hiring Manager,",
                evidence_dir=str(tmp_path),
                profile={},  # no stored answer for "Explain" — must not be guessed
                answer_bank=None,
            )
        err = exc_info.value
>       assert err.reason == "unplanned_required_field"
E       AssertionError: assert 'no_confirmation' == 'unplanned_required_field'
E         
E         - unplanned_required_field
E         + no_confirmation

../../../repo/apps/api/tests/test_cli_sub005_fill_commit.py:921: AssertionError
_ test_live_submitter_converges_and_submits_when_gate_refill_reveal_is_answerable _

tmp_path = PosixPath('/tmp/pytest-of-root/pytest-11/test_live_submitter_converges_0')

    def test_live_submitter_converges_and_submits_when_gate_refill_reveal_is_answerable(
        tmp_path,
    ) -> None:
        """Guard against over-refusal: the SAME gate-refill-revealed 'explain'
        field, when it CAN be answered (here: the answer bank), is filled,
        verified, and the submission proceeds — proving the fixed-point loop
        converges (rescans again after the gate's own refill) instead of either
        submitting blind or refusing a legitimately answerable form."""
        from app.services.answer_bank import (
            PROVENANCE_USER_ANSWERED,
            SENSITIVITY_FACTUAL,
            AnswerBankMatch,
        )
        from app.services.apply_executor import playwright_form_submitter
    
        match = AnswerBankMatch(
            item_id="bank-item-2",
            answer="Sponsorship not required",
            confidence=0.95,
            method="test",
            question_as_seen="Explain",
            banked_question="Explain",
            sensitivity=SENSITIVITY_FACTUAL,
            provenance=PROVENANCE_USER_ANSWERED,
            per_application=False,
        )
    
        def answer_bank(field: dict[str, Any]) -> Any:
            return match if field["name"] == "explain" else None
    
>       outcome = playwright_form_submitter(
            application_id="sub005r3-gatehole-answered",
            channel="generic",
            page_html="",
            apply_url=_data_url(_GATE_REFILL_REVEALS_CONDITIONAL_FORM),
            plan=_gate_refill_plan(),
            resume_pdf_bytes=b"%PDF-1.4 fake",
            cover_letter_text="Dear Hiring Manager,",
            evidence_dir=str(tmp_path),
            profile={},
            answer_bank=answer_bank,
        )

../../../repo/apps/api/tests/test_cli_sub005_fill_commit.py:955: 
_ _ _ _ _ _ _ _ _ _ _ _ _ _ _ _ _ _ _ _ _ _ _ _ _ _ _ _ _ _ _ _ _ _ _ _ _ _ _ _ 

application_id = 'sub005r3-gatehole-answered', channel = 'generic'
page_html = ''
apply_url = 'data:text/html;base64,Cjx0aXRsZT5nYXRlLXJlZmlsbC1ob2xlPC90aXRsZT4KPGZvcm0gb25zdWJtaXQ9ImV2ZW50LnByZXZlbnREZWZhdWx0KCk...RCeUlkKCdzcG9uc29yJykudmFsdWUgPSAnJzsKICAgICAgICBvblNwb25zb3JDaGFuZ2UoKTsKICAgICAgfSwgMTAwKTsgfQogIH0pOwo8L3NjcmlwdD4K'
plan = {'fields': [{'name': 'name', 'label': 'Name', 'kind': 'text', 'required': True, ...}, {'name': 'sponsor', 'label': 'Sp...kind': 'select', 'required': True, ...}, {'name': 'resume', 'label': 'Resume', 'kind': 'file', 'required': True, ...}]}
resume_pdf_bytes = b'%PDF-1.4 fake', cover_letter_text = 'Dear Hiring Manager,'
evidence_dir = '/tmp/pytest-of-root/pytest-11/test_live_submitter_converges_0'
profile = {}
answer_bank = <function test_live_submitter_converges_and_submits_when_gate_refill_reveal_is_answerable.<locals>.answer_bank at 0x7d3474a82a20>
user_id = None, company = None, rebuild_plan = False, form_llm = None

    def playwright_form_submitter(
        *,
        application_id: str,
        channel: str,
        page_html: str,
        apply_url: str | None,
        plan: dict[str, Any],
        resume_pdf_bytes: bytes,
        cover_letter_text: str,
        evidence_dir: str,
        profile: dict[str, Any] | None = None,
        answer_bank: Callable[[dict[str, Any]], Any] | None = None,
        user_id: str | None = None,
        company: str | None = None,
        rebuild_plan: bool = False,
        form_llm: Callable[[dict[str, Any]], Any] | None = None,
    ) -> dict[str, Any]:
        """Fill and submit the application in a REAL headless Chromium.
    
        ``apply_url`` (production) navigates to the employer's live posting so the
        fill and the submit happen against their real form. Without one, the
        supplied ``page_html`` is loaded directly — the replay/offline mode used by
        tests and by re-running a captured page — and the returned summary says so
        in ``mode``, so an audit can always tell the two apart.
    
        ``profile``/``answer_bank`` (CLI-SUB-005-R2) are consulted ONLY to resolve
        a required field the live DOM reveals that the plan's static snapshot
        never saw — see :func:`_resolve_unplanned_required_fields`. Omitting them
        reproduces the pre-R2 behaviour for that (rare, additive) safety net: no
        stored answer means an honest refusal, exactly like every other unanswered
        required field.
    
        ``user_id``/``company`` (U5d-4) are needed only if the employer's ATS
        demands an emailed verification code after the submit click: the code is
        read from THAT user's own connected Gmail, and the employer is named in
        the manual step raised when it cannot be. Without a ``user_id`` (replay,
        or a direct call) a verification gate is an honest manual step rather
        than anything Aether tries to work around — and the gate is only ever
        even looked for AFTER CLI-SUB-005-R7's submission guard has cleared the
        click, so this can never open a path around it.
    
        Returns ``{"submitted", "evidencePath", "destination", "filled",
        "unfilled", "unplannedFilled", "mode", "verification"}``. Raises
        :class:`ApplyExecutorTransportError` if the browser itself could not be
        driven — never a fake success.
        """
        try:
            from playwright.sync_api import sync_playwright
        except ImportError as exc:  # pragma: no cover - dependency is declared
            raise ApplyExecutorTransportError(
                "browser_unavailable",
                "The application browser is not installed on this server — nothing was submitted.",
            ) from exc
    
        documents: dict[str, str] = {}
        temp_dir = tempfile.mkdtemp(prefix="aether-apply-")
        resume_path = Path(temp_dir) / (
            f"resume-{application_id[:8]}{_resume_suffix(resume_pdf_bytes)}"
        )
        resume_path.write_bytes(resume_pdf_bytes or b"")
        documents[RESUME_DOCUMENT] = str(resume_path)
        cover_path = Path(temp_dir) / f"cover-letter-{application_id[:8]}.txt"
        cover_path.write_text(cover_letter_text or "")
        documents[COVER_LETTER_DOCUMENT] = str(cover_path)
    
        filled: list[str] = []
        unfilled: list[str] = []
        blocked_required: list[str] = []
        unplanned_filled: list[str] = []
        mode = "live" if apply_url else "replay"
        verification: dict[str, Any] | None = None
        screenshot = _evidence_path(evidence_dir, application_id, "confirmation.png")
        try:
            with sync_playwright() as runner:  # noqa: SIM117 — cleanup handled below
                browser = runner.chromium.launch(
                    **_chromium_launch_kwargs(
                        live=str(apply_url or "").startswith(("http://", "https://"))
                    )
                )
                _renice_browser_tree()
                try:
                    page = browser.new_page(viewport={"width": 1280, "height": 1600})
                    # CLI-SUB-005-R7 (attack C2) — armed BEFORE any navigation, so
                    # it is in place before the page's own scripts (and therefore
                    # any custom element's connectedCallback) ever run. See the
                    # module note above _CLOSED_SHADOW_MARKER_INIT_JS.
                    page.add_init_script(_CLOSED_SHADOW_MARKER_INIT_JS)
                    if apply_url:
                        if str(apply_url).startswith(("http://", "https://")):
                            page.add_init_script(_HIDE_WEBDRIVER_INIT_JS)
                        page.goto(apply_url, wait_until="domcontentloaded", timeout=45000)
                        wait_for_application_form(page, live=True)
                        if rebuild_plan:
                            plan = build_form_fill_plan(
                                page.content() or "",
                                channel=channel,
                                profile=profile or {},
                                answer_bank=answer_bank,
                                form_llm=form_llm,
                            )
                    else:
                        # Replay: the DOM was captured elsewhere, so every
                        # subresource in it (CDN CSS, fonts, the employer's
                        # analytics, Google's reCAPTCHA script) is both useless and
                        # a live third-party request we have no reason to make.
                        # Block the lot — it also stops a replay from hanging on a
                        # host that no longer answers.
                        page.route("**/*", lambda route: route.abort())
                        page.set_content(page_html or "", wait_until="domcontentloaded")
                    if _hcaptcha_widget_mounted(page):
                        # SUB-011: an hCaptcha widget needs a REAL human to solve
                        # it — nothing here does, or tries to, and there is no
                        # point filling the rest of the form first: the outcome
                        # is already decided. Screenshot the page as evidence
                        # and refuse honestly, distinctly from a TRIGGERED
                        # challenge (`detect_blocking_state`'s "captcha" reason,
                        # checked earlier while the PLAN was built) — this is a
                        # MOUNT, caught here because build_form_fill_plan's
                        # static snapshot cannot see the live DOM's widget.
                        page.screenshot(path=str(screenshot), full_page=True)
                        raise ManualStepRequired(
                            "captcha_challenge",
                            (
                                "This application is protected by an hCaptcha "
                                "challenge Aether cannot solve or bypass, so "
                                "nothing was submitted. Open the posting and "
                                "finish it yourself."
                            ),
                        )
                    # CLI-SUB-005: live HTTP(S) mode verifies every fill's
                    # committed DOM state (read-back + one retry) and runs the
                    # unverifiable-surface backstop. A data: URL is a local SPA
                    # fixture used to exercise wait/CTA/submit — it is not an
                    # employer ATS page, so the conservative census does not
                    # apply. Replay (no URL) keeps raw fills: a captured page
                    # is JS-dead and no employer can receive anything from it.
                    verify_commit = bool(apply_url) and str(apply_url).startswith(
                        ("http://", "https://")
                    )
                    filled, unfilled, blocked_required = _run_fill_plan(
                        page, plan["fields"], documents, verify=verify_commit
                    )
                    if blocked_required:
                        # A REQUIRED answer we hold did not land in the form. The
                        # employer would receive an incomplete application with the
                        # user's name on it, so nothing is submitted: screenshot the
                        # half-filled form as evidence and hand it back as a manual
                        # step. (The click is skipped ENTIRELY — this is not a
                        # "submit and hope" path.)
                        page.screenshot(path=str(screenshot), full_page=True)
                        raise ManualStepRequired(
                            "form_fill_failed",
                            (
                                "Aether could not enter every required answer into "
                                "this application form, so it submitted nothing. "
                                "Open the posting and apply yourself: "
                                + "; ".join(blocked_required)
                            ),
                            question="; ".join(blocked_required),
                        )
                    if verify_commit:
                        # CLI-SUB-005-R3 (adversarial review FAIL,
                        # RUN-20260818T0223Z/SUB-005-R2/08-adversarial-review-
                        # premerge.md): the plan was built from a STATIC,
                        # unanswered page snapshot — a conditional/branching
                        # question (first-class on Ashby/Greenhouse) only exists
                        # in the live DOM once an earlier question is answered,
                        # so it is structurally invisible to that plan, AND the
                        # gate's own refill of a wiped field can itself trigger
                        # the same reveal. Both halves are now ONE bounded
                        # fixed-point loop (_converge_presubmit_state) that
                        # rescans and refills together until a pass changes
                        # nothing, then a final READ-ONLY pass confirms it before
                        # returning. CLI-SUB-005-R6: the ONLY thing that happens
                        # between this call returning and the submit click below
                        # is installing our OWN defensive instrumentation
                        # (_install_submission_guard) — an inert marker attribute
                        # plus an event listener that can never itself reveal,
                        # hide, or answer anything — never a change to any
                        # question's requiredness or committed state.
                        try:
                            unplanned_filled = _converge_presubmit_state(
                                page,
                                channel,
                                plan["fields"],
                                documents,
                                profile=profile,
                                answer_bank=answer_bank,
                            )
                            # CLI-SUB-005-R5 CONSERVATIVE REFUSE-BACKSTOP — see
                            # _verify_no_unverifiable_form_surface. Runs AFTER
                            # convergence has resolved everything it CAN see,
                            # still strictly before the submit click below: the
                            # decisive check that nothing shaped like a control,
                            # on any readable or unreadable surface, was left
                            # unaccounted for. Read-only, like everything above it.
                            _verify_no_unverifiable_form_surface(page, channel)
                            # CLI-SUB-005-R6 root cause 2 (RUN-20260818T0223Z/
                            # SUB-005-R5/08-adversarial-final.md attack #7):
                            # everything above is a CHECK; the click below is the
                            # ACT, and a page's own mousedown/focus handler on the
                            # submit control can reveal a brand-new required field
                            # in that exact gap — deterministically, by DOM
                            # event-ordering spec, not a race. Rather than add
                            # another check-then-act layer, GUARD THE SUBMISSION
                            # EVENT ITSELF: install a capture-phase listener, in
                            # the browser, that re-runs the identical shadow-DOM-
                            # piercing live census (root cause 1) at the literal
                            # instant the submit/click event fires and cancels the
                            # submission outright if anything required is still
                            # uncommitted THEN. Installed on the top document and
                            # every reachable frame, mirroring the backstop above.
                            _install_submission_guard(page)
                            for frame in _reachable_frames(page):
                                _install_submission_guard(frame)
                        except ManualStepRequired:
                            page.screenshot(path=str(screenshot), full_page=True)
                            raise
                        filled.extend(unplanned_filled)
                    before_url = page.url
                    submitted_at = time.time()
                    # SUB-007: probe the form's own state BEFORE the click — the
                    # submit control's armed/disabled state, the errors already on
                    # screen and any confirmation wording the form page itself
                    # carries. Post-submit classification compares against this, so
                    # "the site rejected the form" and "the site took it silently"
                    # can never collapse into the same verdict again.
                    before_probe = _submit_state_probe(page) if apply_url else {}
                    activation = _activate_submit(page)
                    submitted = activation.clicked
                    # CLI-SUB-005-R6/R7 — THE DECISIVE INVARIANT, and it runs
                    # BEFORE any classification of this click: the click above can
                    # succeed (Playwright's own actionability check is satisfied)
                    # even when our capture-phase guard cancelled the SUBMISSION
                    # itself — `activation.clicked` alone cannot tell the two
                    # apart, so read back what the guard actually blocked, on
                    # every surface it was installed on, before SUB-007's
                    # classify_post_submit ever runs. A required control
                    # uncommitted at the instant of submission ⇒ the submission
                    # never completed ⇒ this is an honest refusal, never a
                    # submitted:true outcome. The employer received NOTHING — the
                    # guard cancelled the browser's own default action before it
                    # ever fired. (Merge rationale, RUN-20260818T0223Z/BATCH-2:
                    # the guard-block check is the supreme, fail-closed safety
                    # invariant and must gate classification, not run beside or
                    # after it — see 02-apply-stack-reconcile.md.)
                    blocked_submission = _blocked_submission_on(page)
                    if blocked_submission:
                        page.screenshot(path=str(screenshot), full_page=True)
                        raise _manual_step_for_blocked_submission(blocked_submission)
                    page.wait_for_timeout(1500)
                    # U5d-4 — verification-code loop. Sited strictly AFTER the
                    # guard-check above: a click the R7 guard blocked never
                    # reaches this line at all, so the code loop can never run
                    # instead of, or ahead of, that fail-closed check — it can
                    # only ever run once the guard has already cleared the
                    # click. _resolve_verification_gate re-arms the SAME guard
                    # for its own resubmit (page + every reachable frame,
                    # fail-closed on any install anomaly) and re-checks THAT
                    # click through the identical _blocked_submission_on before
                    # it ever returns — see its own docstring.
                    #
                    # It also RE-CAPTURES a fresh before_probe/activation right
                    # before that resubmit and hands both back here, and
                    # SUB-007's classify_post_submit below is repointed at them
                    # instead of the pre-first-click snapshot. This is
                    # deliberate, not incidental: classify_post_submit's own
                    # honesty floor (a confirmation phrase already sitting on the
                    # page before the classified click is NOT proof —
                    # ``test_a_confirmation_phrase_already_on_the_form_page_is_
                    # not_proof``) depends on ``before_probe`` describing the
                    # page immediately before the LAST click actually made. A
                    # verification gate can be a genuine top-level navigation to
                    # a different document (proven live by the u5d4 P0 fix,
                    # 06-u5d4-adversarial-review.md); comparing that document's
                    # after-state against a stale before_probe from the ORIGINAL
                    # form would let a confirmation-shaped phrase already
                    # sitting on the gate page (e.g. "Thanks for applying! Enter
                    # the code we emailed you to finish.") count as "new" and
                    # therefore as proof, silently bypassing a protection SUB-007
                    # was adversarially hardened against. Recapturing keeps that
                    # protection intact on the gated path exactly as it holds on
                    # the ungated one.
                    if apply_url and submitted and _detect_verification_gate(page):
                        verification = _resolve_verification_gate(
                            page,
                            application_id=application_id,
                            evidence_dir=evidence_dir,
                            since_epoch=submitted_at,
                            user_id=user_id,
                            company=company,
                            form_email=_planned_form_email(plan),
                        )
                        before_url = str(verification.get("beforeUrl") or before_url)
                        before_probe = verification.get("beforeProbe") or before_probe
                        resubmit_control = verification.get("submitControl")
                        if resubmit_control:
                            activation = SubmitActivation(**resubmit_control)
                    post_submit = (
                        classify_post_submit(
                            page,
                            before_url,
                            before_probe=before_probe,
                            activation=activation,
                        )
                        if apply_url
                        else None
                    )
                    classification = (
                        post_submit.classification if post_submit else POST_SUBMIT_NOT_CLASSIFIED
                    )
                    confirmation = post_submit.confirmation if post_submit else None
                    page.screenshot(path=str(screenshot), full_page=True)
                    if (
                        apply_url
                        and post_submit is not None
                        and post_submit.classification != POST_SUBMIT_CONFIRMED
                    ):
                        # LIVE mode demands PROOF, not a click. Without a
                        # confirmation page (or a navigation away from the form),
                        # we do not know the employer received anything — and
                        # "clicked submit" is not "applied". The screenshot above
                        # captures whatever the page is actually showing so the
                        # user can act on it, and the reason code now says WHICH
                        # of the honest non-receipt endings this was (rejected /
                        # submitted-unconfirmed / unreadable).
                        #
                        # ROUND-2 REVIEW: this is deliberately NOT gated on
                        # ``submitted`` any more. It used to be, so the one case
                        # the ledger names — a present-but-disabled submit control,
                        # which produced ``submitted=False`` — skipped this branch
                        # entirely and the outcome that had already been classified
                        # (from a before-probe that correctly read
                        # ``submitEnabled=False``) was computed and discarded.
>                       raise ManualStepRequired(
                            post_submit.reason or MANUAL_STEP_NO_CONFIRMATION,
                            post_submit.detail,
                        )
E                       app.services.apply_executor.ManualStepRequired: Aether filled and submitted this application but the site showed no confirmation and no error, so it will not claim the application was received. Check the screenshot and finish it on the site if needed.

app/services/apply_executor.py:4052: ManualStepRequired
_ test_live_submitter_never_submits_over_a_known_field_that_turns_required_live _

tmp_path = PosixPath('/tmp/pytest-of-root/pytest-11/test_live_submitter_never_subm2')

    def test_live_submitter_never_submits_over_a_known_field_that_turns_required_live(
        tmp_path,
    ) -> None:
        """THE R3->R4 ADVERSARIAL-REVIEW BREAK, ported exactly from
        adversarial/attack2_required_toggle_escapes_ledger.py: an already-KNOWN,
        already-OPTIONAL planned field ('explain') turns required live via a
        sibling field's onchange, and nothing unanswerable may ever cross the
        submit boundary. On the unfixed R3 branch this raised nothing and
        returned submitted:true, unplannedFilled:[] -- this is that exact break,
        captured as a permanent regression test."""
        from app.services.apply_executor import playwright_form_submitter
    
>       with pytest.raises(ManualStepRequired) as exc_info:
             ^^^^^^^^^^^^^^^^^^^^^^^^^^^^^^^^^
E       Failed: DID NOT RAISE ManualStepRequired

../../../repo/apps/api/tests/test_cli_sub005_fill_commit.py:1067: Failed
_ test_live_submitter_converges_and_submits_when_the_toggled_field_is_answerable _

tmp_path = PosixPath('/tmp/pytest-of-root/pytest-11/test_live_submitter_converges_1')

    def test_live_submitter_converges_and_submits_when_the_toggled_field_is_answerable(
        tmp_path,
    ) -> None:
        """Guard against over-refusal: the SAME toggled-required 'explain'
        field, when it CAN be answered (here: the answer bank), is filled,
        verified, and the submission proceeds — proving the total-re-derivation
        loop resolves a known-but-now-required field exactly like any other
        newly discovered one, instead of either submitting blind or refusing a
        legitimately answerable form."""
        from app.services.answer_bank import (
            PROVENANCE_USER_ANSWERED,
            SENSITIVITY_FACTUAL,
            AnswerBankMatch,
        )
        from app.services.apply_executor import playwright_form_submitter
    
        match = AnswerBankMatch(
            item_id="bank-item-3",
            answer="Sponsorship not required",
            confidence=0.95,
            method="test",
            question_as_seen="Explain",
            banked_question="Explain",
            sensitivity=SENSITIVITY_FACTUAL,
            provenance=PROVENANCE_USER_ANSWERED,
            per_application=False,
        )
    
        def answer_bank(field: dict[str, Any]) -> Any:
            return match if field["name"] == "explain" else None
    
        outcome = playwright_form_submitter(
            application_id="sub005r4-toggleescape-answered",
            channel="generic",
            page_html="",
            apply_url=_data_url(_REQUIRED_TOGGLE_ESCAPES_LEDGER_FORM),
            plan=_required_toggle_plan(),
            resume_pdf_bytes=b"%PDF-1.4 fake",
            cover_letter_text="Dear Hiring Manager,",
            evidence_dir=str(tmp_path),
            profile={},
            answer_bank=answer_bank,
        )
        assert outcome["submitted"] is True
        assert outcome["confirmation"] and "thank you" in str(outcome["confirmation"]).lower()
>       assert "explain" in outcome["filled"]
E       AssertionError: assert 'explain' in ['name', 'sponsor']

../../../repo/apps/api/tests/test_cli_sub005_fill_commit.py:1130: AssertionError
_ test_live_submitter_never_submits_over_an_unanswerable_iframe_required_field _

tmp_path = PosixPath('/tmp/pytest-of-root/pytest-11/test_live_submitter_never_subm3')

    def test_live_submitter_never_submits_over_an_unanswerable_iframe_required_field(
        tmp_path,
    ) -> None:
        """THE R4->R5 ADVERSARIAL-REVIEW BREAK, ported exactly from
        adversarial/attack5_iframe_live_reveal.py: on the unfixed R4 branch this
        returned submitted:true, confirmation:"Thank you for applying",
        unplannedFilled:[] — the iframe field was never attempted, never
        verified, never raised as a manual step, because page.content() cannot
        see inside an <iframe srcdoc> at all. With no profile/answer-bank able
        to answer "Diversity survey", the R5 per-frame convergence must resolve
        or refuse it — never guess, never submit."""
        from app.services.apply_executor import playwright_form_submitter
    
>       with pytest.raises(ManualStepRequired) as exc_info:
             ^^^^^^^^^^^^^^^^^^^^^^^^^^^^^^^^^
E       Failed: DID NOT RAISE ManualStepRequired

../../../repo/apps/api/tests/test_cli_sub005_fill_commit.py:1370: Failed
_ test_live_submitter_resolves_and_submits_an_answerable_iframe_required_field _

tmp_path = PosixPath('/tmp/pytest-of-root/pytest-11/test_live_submitter_resolves_a0')

    def test_live_submitter_resolves_and_submits_an_answerable_iframe_required_field(
        tmp_path,
    ) -> None:
        """Guard against over-refusal: the SAME class of iframe-embedded,
        live-only required field, when it CAN genuinely be answered, is
        discovered by the per-frame re-derivation, filled and verified INSIDE
        the iframe's own document (never the top page), and the submission
        proceeds — proving the R5 frame extension resolves a legitimately
        answerable iframe field exactly like any other newly discovered one,
        instead of either submitting blind or refusing a form that could
        genuinely be completed."""
        from app.services.apply_executor import playwright_form_submitter
    
        outcome = playwright_form_submitter(
            application_id="sub005r5-iframe-answerable",
            channel="ashby",
            page_html="",
            apply_url=_data_url(_iframe_form(_IFRAME_INNER_REQUIRED_ANSWERABLE)),
            plan=_name_only_plan(),
            resume_pdf_bytes=b"%PDF-1.4 fake",
            cover_letter_text="Dear Hiring Manager,",
            evidence_dir=str(tmp_path),
            profile={"email": "jordan@example.com"},
            answer_bank=None,
        )
        assert outcome["submitted"] is True
        assert outcome["confirmation"] and "thank you" in str(outcome["confirmation"]).lower()
>       assert "confirm_email" in outcome["filled"]
E       AssertionError: assert 'confirm_email' in ['name']

../../../repo/apps/api/tests/test_cli_sub005_fill_commit.py:1415: AssertionError
_ test_live_submitter_never_submits_over_an_unanswerable_shadow_dom_required_field _

tmp_path = PosixPath('/tmp/pytest-of-root/pytest-11/test_live_submitter_never_subm4')

    def test_live_submitter_never_submits_over_an_unanswerable_shadow_dom_required_field(
        tmp_path,
    ) -> None:
        """THE R5->R6 ADVERSARIAL-REVIEW BREAK, ported exactly from
        adversarial/attack6_shadow_dom_custom_element.py: on the unfixed R5
        branch this returned submitted:true, confirmation:"Thank you for
        applying", filled:["name"], unfilled:[] — the shadow-DOM field was never
        seen by ANY census (page.content() cannot serialize an open shadow
        root's content at all), never attempted, never verified, never raised as
        a manual step. With no profile/answer-bank able to answer "I agree to
        the background-check policy", the R6 live composed census must resolve
        or refuse it — never guess, never submit silently over it."""
        from app.services.apply_executor import playwright_form_submitter
    
        with pytest.raises(ManualStepRequired) as exc_info:
            playwright_form_submitter(
                application_id="sub005r6-shadow-unanswerable",
                channel="ashby",
                page_html="",
                apply_url=_data_url(_SHADOW_DOM_CUSTOM_ELEMENT_FORM),
                plan=_name_only_plan(),
                resume_pdf_bytes=b"%PDF-1.4 fake",
                cover_letter_text="Dear Hiring Manager,",
                evidence_dir=str(tmp_path),
                profile={},
                answer_bank=None,
            )
        err = exc_info.value
>       assert err.reason == "unplanned_required_field"
E       AssertionError: assert 'form_rejected' == 'unplanned_required_field'
E         
E         - unplanned_required_field
E         + form_rejected

../../../repo/apps/api/tests/test_cli_sub005_fill_commit.py:1572: AssertionError
_ test_live_submitter_resolves_and_submits_an_answerable_shadow_dom_required_field _

tmp_path = PosixPath('/tmp/pytest-of-root/pytest-11/test_live_submitter_resolves_a1')

    def test_live_submitter_resolves_and_submits_an_answerable_shadow_dom_required_field(
        tmp_path,
    ) -> None:
        """Guard against over-refusal: the SAME shadow-DOM-hosted required
        control, when it CAN genuinely be answered (here: the answer bank,
        matched by the label the live composed census read straight out of the
        shadow root), is discovered by the R6 live census, filled and verified
        via a shadow-DOM-piercing Playwright locator (never assembled from an
        id/name this anonymous control never had), and the submission proceeds —
        proving the fix RESOLVES a legitimately answerable shadow control exactly
        like any other newly discovered field, instead of either submitting
        blind or refusing a form that could genuinely be completed."""
        from app.services.answer_bank import (
            PROVENANCE_USER_ANSWERED,
            SENSITIVITY_FACTUAL,
            AnswerBankMatch,
        )
        from app.services.apply_executor import playwright_form_submitter
    
        match = AnswerBankMatch(
            item_id="bank-item-shadow-1",
            answer="I agree",
            confidence=0.97,
            method="test",
            question_as_seen="I agree to the background-check policy (required)",
            banked_question="background check consent",
            sensitivity=SENSITIVITY_FACTUAL,
            provenance=PROVENANCE_USER_ANSWERED,
            per_application=False,
        )
    
        def answer_bank(field: dict[str, Any]) -> Any:
            if "background-check" in str(field.get("label") or "").lower():
                return match
            return None
    
>       outcome = playwright_form_submitter(
            application_id="sub005r6-shadow-answered",
            channel="ashby",
            page_html="",
            apply_url=_data_url(_SHADOW_DOM_CUSTOM_ELEMENT_FORM),
            plan=_name_only_plan(),
            resume_pdf_bytes=b"%PDF-1.4 fake",
            cover_letter_text="Dear Hiring Manager,",
            evidence_dir=str(tmp_path),
            profile={},
            answer_bank=answer_bank,
        )

../../../repo/apps/api/tests/test_cli_sub005_fill_commit.py:1612: 
_ _ _ _ _ _ _ _ _ _ _ _ _ _ _ _ _ _ _ _ _ _ _ _ _ _ _ _ _ _ _ _ _ _ _ _ _ _ _ _ 

application_id = 'sub005r6-shadow-answered', channel = 'ashby', page_html = ''
apply_url = 'data:text/html;base64,Cjx0aXRsZT5zaGFkb3ctZG9tLXdpZGdldDwvdGl0bGU+Cjxmb3JtIG9uc3VibWl0PSJldmVudC5wcmV2ZW50RGVmYXVsdCg...0idHJ1ZSI+JzsKICAgIH0KICB9CiAgY3VzdG9tRWxlbWVudHMuZGVmaW5lKCd4LWxlZ2FsLWNvbnNlbnQnLCBMZWdhbENvbnNlbnQpOwo8L3NjcmlwdD4K'
plan = {'fields': [{'name': 'name', 'label': 'Full name', 'kind': 'text', 'required': True, ...}]}
resume_pdf_bytes = b'%PDF-1.4 fake', cover_letter_text = 'Dear Hiring Manager,'
evidence_dir = '/tmp/pytest-of-root/pytest-11/test_live_submitter_resolves_a1'
profile = {}
answer_bank = <function test_live_submitter_resolves_and_submits_an_answerable_shadow_dom_required_field.<locals>.answer_bank at 0x7d346deba8e0>
user_id = None, company = None, rebuild_plan = False, form_llm = None

    def playwright_form_submitter(
        *,
        application_id: str,
        channel: str,
        page_html: str,
        apply_url: str | None,
        plan: dict[str, Any],
        resume_pdf_bytes: bytes,
        cover_letter_text: str,
        evidence_dir: str,
        profile: dict[str, Any] | None = None,
        answer_bank: Callable[[dict[str, Any]], Any] | None = None,
        user_id: str | None = None,
        company: str | None = None,
        rebuild_plan: bool = False,
        form_llm: Callable[[dict[str, Any]], Any] | None = None,
    ) -> dict[str, Any]:
        """Fill and submit the application in a REAL headless Chromium.
    
        ``apply_url`` (production) navigates to the employer's live posting so the
        fill and the submit happen against their real form. Without one, the
        supplied ``page_html`` is loaded directly — the replay/offline mode used by
        tests and by re-running a captured page — and the returned summary says so
        in ``mode``, so an audit can always tell the two apart.
    
        ``profile``/``answer_bank`` (CLI-SUB-005-R2) are consulted ONLY to resolve
        a required field the live DOM reveals that the plan's static snapshot
        never saw — see :func:`_resolve_unplanned_required_fields`. Omitting them
        reproduces the pre-R2 behaviour for that (rare, additive) safety net: no
        stored answer means an honest refusal, exactly like every other unanswered
        required field.
    
        ``user_id``/``company`` (U5d-4) are needed only if the employer's ATS
        demands an emailed verification code after the submit click: the code is
        read from THAT user's own connected Gmail, and the employer is named in
        the manual step raised when it cannot be. Without a ``user_id`` (replay,
        or a direct call) a verification gate is an honest manual step rather
        than anything Aether tries to work around — and the gate is only ever
        even looked for AFTER CLI-SUB-005-R7's submission guard has cleared the
        click, so this can never open a path around it.
    
        Returns ``{"submitted", "evidencePath", "destination", "filled",
        "unfilled", "unplannedFilled", "mode", "verification"}``. Raises
        :class:`ApplyExecutorTransportError` if the browser itself could not be
        driven — never a fake success.
        """
        try:
            from playwright.sync_api import sync_playwright
        except ImportError as exc:  # pragma: no cover - dependency is declared
            raise ApplyExecutorTransportError(
                "browser_unavailable",
                "The application browser is not installed on this server — nothing was submitted.",
            ) from exc
    
        documents: dict[str, str] = {}
        temp_dir = tempfile.mkdtemp(prefix="aether-apply-")
        resume_path = Path(temp_dir) / (
            f"resume-{application_id[:8]}{_resume_suffix(resume_pdf_bytes)}"
        )
        resume_path.write_bytes(resume_pdf_bytes or b"")
        documents[RESUME_DOCUMENT] = str(resume_path)
        cover_path = Path(temp_dir) / f"cover-letter-{application_id[:8]}.txt"
        cover_path.write_text(cover_letter_text or "")
        documents[COVER_LETTER_DOCUMENT] = str(cover_path)
    
        filled: list[str] = []
        unfilled: list[str] = []
        blocked_required: list[str] = []
        unplanned_filled: list[str] = []
        mode = "live" if apply_url else "replay"
        verification: dict[str, Any] | None = None
        screenshot = _evidence_path(evidence_dir, application_id, "confirmation.png")
        try:
            with sync_playwright() as runner:  # noqa: SIM117 — cleanup handled below
                browser = runner.chromium.launch(
                    **_chromium_launch_kwargs(
                        live=str(apply_url or "").startswith(("http://", "https://"))
                    )
                )
                _renice_browser_tree()
                try:
                    page = browser.new_page(viewport={"width": 1280, "height": 1600})
                    # CLI-SUB-005-R7 (attack C2) — armed BEFORE any navigation, so
                    # it is in place before the page's own scripts (and therefore
                    # any custom element's connectedCallback) ever run. See the
                    # module note above _CLOSED_SHADOW_MARKER_INIT_JS.
                    page.add_init_script(_CLOSED_SHADOW_MARKER_INIT_JS)
                    if apply_url:
                        if str(apply_url).startswith(("http://", "https://")):
                            page.add_init_script(_HIDE_WEBDRIVER_INIT_JS)
                        page.goto(apply_url, wait_until="domcontentloaded", timeout=45000)
                        wait_for_application_form(page, live=True)
                        if rebuild_plan:
                            plan = build_form_fill_plan(
                                page.content() or "",
                                channel=channel,
                                profile=profile or {},
                                answer_bank=answer_bank,
                                form_llm=form_llm,
                            )
                    else:
                        # Replay: the DOM was captured elsewhere, so every
                        # subresource in it (CDN CSS, fonts, the employer's
                        # analytics, Google's reCAPTCHA script) is both useless and
                        # a live third-party request we have no reason to make.
                        # Block the lot — it also stops a replay from hanging on a
                        # host that no longer answers.
                        page.route("**/*", lambda route: route.abort())
                        page.set_content(page_html or "", wait_until="domcontentloaded")
                    if _hcaptcha_widget_mounted(page):
                        # SUB-011: an hCaptcha widget needs a REAL human to solve
                        # it — nothing here does, or tries to, and there is no
                        # point filling the rest of the form first: the outcome
                        # is already decided. Screenshot the page as evidence
                        # and refuse honestly, distinctly from a TRIGGERED
                        # challenge (`detect_blocking_state`'s "captcha" reason,
                        # checked earlier while the PLAN was built) — this is a
                        # MOUNT, caught here because build_form_fill_plan's
                        # static snapshot cannot see the live DOM's widget.
                        page.screenshot(path=str(screenshot), full_page=True)
                        raise ManualStepRequired(
                            "captcha_challenge",
                            (
                                "This application is protected by an hCaptcha "
                                "challenge Aether cannot solve or bypass, so "
                                "nothing was submitted. Open the posting and "
                                "finish it yourself."
                            ),
                        )
                    # CLI-SUB-005: live HTTP(S) mode verifies every fill's
                    # committed DOM state (read-back + one retry) and runs the
                    # unverifiable-surface backstop. A data: URL is a local SPA
                    # fixture used to exercise wait/CTA/submit — it is not an
                    # employer ATS page, so the conservative census does not
                    # apply. Replay (no URL) keeps raw fills: a captured page
                    # is JS-dead and no employer can receive anything from it.
                    verify_commit = bool(apply_url) and str(apply_url).startswith(
                        ("http://", "https://")
                    )
                    filled, unfilled, blocked_required = _run_fill_plan(
                        page, plan["fields"], documents, verify=verify_commit
                    )
                    if blocked_required:
                        # A REQUIRED answer we hold did not land in the form. The
                        # employer would receive an incomplete application with the
                        # user's name on it, so nothing is submitted: screenshot the
                        # half-filled form as evidence and hand it back as a manual
                        # step. (The click is skipped ENTIRELY — this is not a
                        # "submit and hope" path.)
                        page.screenshot(path=str(screenshot), full_page=True)
                        raise ManualStepRequired(
                            "form_fill_failed",
                            (
                                "Aether could not enter every required answer into "
                                "this application form, so it submitted nothing. "
                                "Open the posting and apply yourself: "
                                + "; ".join(blocked_required)
                            ),
                            question="; ".join(blocked_required),
                        )
                    if verify_commit:
                        # CLI-SUB-005-R3 (adversarial review FAIL,
                        # RUN-20260818T0223Z/SUB-005-R2/08-adversarial-review-
                        # premerge.md): the plan was built from a STATIC,
                        # unanswered page snapshot — a conditional/branching
                        # question (first-class on Ashby/Greenhouse) only exists
                        # in the live DOM once an earlier question is answered,
                        # so it is structurally invisible to that plan, AND the
                        # gate's own refill of a wiped field can itself trigger
                        # the same reveal. Both halves are now ONE bounded
                        # fixed-point loop (_converge_presubmit_state) that
                        # rescans and refills together until a pass changes
                        # nothing, then a final READ-ONLY pass confirms it before
                        # returning. CLI-SUB-005-R6: the ONLY thing that happens
                        # between this call returning and the submit click below
                        # is installing our OWN defensive instrumentation
                        # (_install_submission_guard) — an inert marker attribute
                        # plus an event listener that can never itself reveal,
                        # hide, or answer anything — never a change to any
                        # question's requiredness or committed state.
                        try:
                            unplanned_filled = _converge_presubmit_state(
                                page,
                                channel,
                                plan["fields"],
                                documents,
                                profile=profile,
                                answer_bank=answer_bank,
                            )
                            # CLI-SUB-005-R5 CONSERVATIVE REFUSE-BACKSTOP — see
                            # _verify_no_unverifiable_form_surface. Runs AFTER
                            # convergence has resolved everything it CAN see,
                            # still strictly before the submit click below: the
                            # decisive check that nothing shaped like a control,
                            # on any readable or unreadable surface, was left
                            # unaccounted for. Read-only, like everything above it.
                            _verify_no_unverifiable_form_surface(page, channel)
                            # CLI-SUB-005-R6 root cause 2 (RUN-20260818T0223Z/
                            # SUB-005-R5/08-adversarial-final.md attack #7):
                            # everything above is a CHECK; the click below is the
                            # ACT, and a page's own mousedown/focus handler on the
                            # submit control can reveal a brand-new required field
                            # in that exact gap — deterministically, by DOM
                            # event-ordering spec, not a race. Rather than add
                            # another check-then-act layer, GUARD THE SUBMISSION
                            # EVENT ITSELF: install a capture-phase listener, in
                            # the browser, that re-runs the identical shadow-DOM-
                            # piercing live census (root cause 1) at the literal
                            # instant the submit/click event fires and cancels the
                            # submission outright if anything required is still
                            # uncommitted THEN. Installed on the top document and
                            # every reachable frame, mirroring the backstop above.
                            _install_submission_guard(page)
                            for frame in _reachable_frames(page):
                                _install_submission_guard(frame)
                        except ManualStepRequired:
                            page.screenshot(path=str(screenshot), full_page=True)
                            raise
                        filled.extend(unplanned_filled)
                    before_url = page.url
                    submitted_at = time.time()
                    # SUB-007: probe the form's own state BEFORE the click — the
                    # submit control's armed/disabled state, the errors already on
                    # screen and any confirmation wording the form page itself
                    # carries. Post-submit classification compares against this, so
                    # "the site rejected the form" and "the site took it silently"
                    # can never collapse into the same verdict again.
                    before_probe = _submit_state_probe(page) if apply_url else {}
                    activation = _activate_submit(page)
                    submitted = activation.clicked
                    # CLI-SUB-005-R6/R7 — THE DECISIVE INVARIANT, and it runs
                    # BEFORE any classification of this click: the click above can
                    # succeed (Playwright's own actionability check is satisfied)
                    # even when our capture-phase guard cancelled the SUBMISSION
                    # itself — `activation.clicked` alone cannot tell the two
                    # apart, so read back what the guard actually blocked, on
                    # every surface it was installed on, before SUB-007's
                    # classify_post_submit ever runs. A required control
                    # uncommitted at the instant of submission ⇒ the submission
                    # never completed ⇒ this is an honest refusal, never a
                    # submitted:true outcome. The employer received NOTHING — the
                    # guard cancelled the browser's own default action before it
                    # ever fired. (Merge rationale, RUN-20260818T0223Z/BATCH-2:
                    # the guard-block check is the supreme, fail-closed safety
                    # invariant and must gate classification, not run beside or
                    # after it — see 02-apply-stack-reconcile.md.)
                    blocked_submission = _blocked_submission_on(page)
                    if blocked_submission:
                        page.screenshot(path=str(screenshot), full_page=True)
                        raise _manual_step_for_blocked_submission(blocked_submission)
                    page.wait_for_timeout(1500)
                    # U5d-4 — verification-code loop. Sited strictly AFTER the
                    # guard-check above: a click the R7 guard blocked never
                    # reaches this line at all, so the code loop can never run
                    # instead of, or ahead of, that fail-closed check — it can
                    # only ever run once the guard has already cleared the
                    # click. _resolve_verification_gate re-arms the SAME guard
                    # for its own resubmit (page + every reachable frame,
                    # fail-closed on any install anomaly) and re-checks THAT
                    # click through the identical _blocked_submission_on before
                    # it ever returns — see its own docstring.
                    #
                    # It also RE-CAPTURES a fresh before_probe/activation right
                    # before that resubmit and hands both back here, and
                    # SUB-007's classify_post_submit below is repointed at them
                    # instead of the pre-first-click snapshot. This is
                    # deliberate, not incidental: classify_post_submit's own
                    # honesty floor (a confirmation phrase already sitting on the
                    # page before the classified click is NOT proof —
                    # ``test_a_confirmation_phrase_already_on_the_form_page_is_
                    # not_proof``) depends on ``before_probe`` describing the
                    # page immediately before the LAST click actually made. A
                    # verification gate can be a genuine top-level navigation to
                    # a different document (proven live by the u5d4 P0 fix,
                    # 06-u5d4-adversarial-review.md); comparing that document's
                    # after-state against a stale before_probe from the ORIGINAL
                    # form would let a confirmation-shaped phrase already
                    # sitting on the gate page (e.g. "Thanks for applying! Enter
                    # the code we emailed you to finish.") count as "new" and
                    # therefore as proof, silently bypassing a protection SUB-007
                    # was adversarially hardened against. Recapturing keeps that
                    # protection intact on the gated path exactly as it holds on
                    # the ungated one.
                    if apply_url and submitted and _detect_verification_gate(page):
                        verification = _resolve_verification_gate(
                            page,
                            application_id=application_id,
                            evidence_dir=evidence_dir,
                            since_epoch=submitted_at,
                            user_id=user_id,
                            company=company,
                            form_email=_planned_form_email(plan),
                        )
                        before_url = str(verification.get("beforeUrl") or before_url)
                        before_probe = verification.get("beforeProbe") or before_probe
                        resubmit_control = verification.get("submitControl")
                        if resubmit_control:
                            activation = SubmitActivation(**resubmit_control)
                    post_submit = (
                        classify_post_submit(
                            page,
                            before_url,
                            before_probe=before_probe,
                            activation=activation,
                        )
                        if apply_url
                        else None
                    )
                    classification = (
                        post_submit.classification if post_submit else POST_SUBMIT_NOT_CLASSIFIED
                    )
                    confirmation = post_submit.confirmation if post_submit else None
                    page.screenshot(path=str(screenshot), full_page=True)
                    if (
                        apply_url
                        and post_submit is not None
                        and post_submit.classification != POST_SUBMIT_CONFIRMED
                    ):
                        # LIVE mode demands PROOF, not a click. Without a
                        # confirmation page (or a navigation away from the form),
                        # we do not know the employer received anything — and
                        # "clicked submit" is not "applied". The screenshot above
                        # captures whatever the page is actually showing so the
                        # user can act on it, and the reason code now says WHICH
                        # of the honest non-receipt endings this was (rejected /
                        # submitted-unconfirmed / unreadable).
                        #
                        # ROUND-2 REVIEW: this is deliberately NOT gated on
                        # ``submitted`` any more. It used to be, so the one case
                        # the ledger names — a present-but-disabled submit control,
                        # which produced ``submitted=False`` — skipped this branch
                        # entirely and the outcome that had already been classified
                        # (from a before-probe that correctly read
                        # ``submitEnabled=False``) was computed and discarded.
>                       raise ManualStepRequired(
                            post_submit.reason or MANUAL_STEP_NO_CONFIRMATION,
                            post_submit.detail,
                        )
E                       app.services.apply_executor.ManualStepRequired: The site REJECTED this application form, so nothing was submitted — it is showing: "Missing entry for required field: consent". Open the posting, fix the flagged answers and submit it yourself.

app/services/apply_executor.py:4052: ManualStepRequired
_ test_live_submitter_never_submits_over_a_field_revealed_at_mousedown_on_submit _

tmp_path = PosixPath('/tmp/pytest-of-root/pytest-11/test_live_submitter_never_subm5')

    def test_live_submitter_never_submits_over_a_field_revealed_at_mousedown_on_submit(
        tmp_path,
    ) -> None:
        """THE R5->R6 ADVERSARIAL-REVIEW BREAK, ported exactly from
        adversarial/attack7_reveal_on_submit_click.py: a required field appended
        to the DOM inside a `mousedown` handler on the submit button itself —
        strictly AFTER _verify_no_unverifiable_form_surface returns clean,
        strictly BEFORE the click's default action (the actual submission)
        fires — must never let that submission complete. On the unfixed R5
        branch this returned submitted:true, confirmation:"Thank you for
        applying" over the empty, unattempted, unverified late_reveal field. The
        R6 capture-phase submission guard must cancel the submission itself, in
        the browser, at the instant it would fire — never a Python-side re-check
        with its own gap for the SAME race to reopen in."""
        from app.services.apply_executor import playwright_form_submitter
    
>       with pytest.raises(ManualStepRequired) as exc_info:
             ^^^^^^^^^^^^^^^^^^^^^^^^^^^^^^^^^
E       Failed: DID NOT RAISE ManualStepRequired

../../../repo/apps/api/tests/test_cli_sub005_fill_commit.py:1687: Failed
_____ test_live_submitter_refuses_when_the_guards_own_installation_throws ______

tmp_path = PosixPath('/tmp/pytest-of-root/pytest-11/test_live_submitter_refuses_wh0')

    def test_live_submitter_refuses_when_the_guards_own_installation_throws(
        tmp_path,
    ) -> None:
        """THE R6->R7 ADVERSARIAL-REVIEW BREAK (attack B), ported exactly from
        adversarial/attackB_guard_install_exception.py: document.
        addEventListener poisoned as an OWN property (an unaffected Element-
        level addEventListener still lets the page's own mousedown listener
        register normally) makes _install_submission_guard's own
        document.addEventListener(...) calls throw, uncaught inside the page's
        JS. On the unfixed R6 branch the bare `except Exception: pass` swallowed
        this and the mousedown-revealed required field (attack #7's exact
        construction) was submitted over, empty, unverified. R7 fails closed: an
        exception during the guard's own installation must now refuse rather
        than proceed with an unguarded click."""
        from app.services.apply_executor import playwright_form_submitter
    
>       with pytest.raises(ManualStepRequired) as exc_info:
             ^^^^^^^^^^^^^^^^^^^^^^^^^^^^^^^^^
E       Failed: DID NOT RAISE ManualStepRequired

../../../repo/apps/api/tests/test_cli_sub005_fill_commit.py:1810: Failed
______ test_live_submitter_refuses_when_the_composed_census_itself_throws ______

tmp_path = PosixPath('/tmp/pytest-of-root/pytest-11/test_live_submitter_refuses_wh1')

    def test_live_submitter_refuses_when_the_composed_census_itself_throws(
        tmp_path,
    ) -> None:
        """THE R6->R7 ADVERSARIAL-REVIEW BREAK (attack F), ported exactly from
        adversarial/attackF_composed_census_throws.py: Element.prototype.
        getAttribute poisoned to throw specifically for the census's own marker
        attribute name against attack #6's exact open-shadow-DOM construction.
        window.__aetherComposedCensus() itself throws (not merely the per-node
        walk() helper, which already guards its own querySelectorAll call). On
        the unfixed R6 branch the bare `except Exception: return []` swallowed
        this and silently reported zero results, reverting the shadow-DOM field
        to fully invisible again at both the convergence AND click-time census
        calls. R7 fails closed: an exception from the census must now refuse
        rather than be treated as 'nothing found'."""
        from app.services.apply_executor import playwright_form_submitter
    
>       with pytest.raises(ManualStepRequired) as exc_info:
             ^^^^^^^^^^^^^^^^^^^^^^^^^^^^^^^^^
E       Failed: DID NOT RAISE ManualStepRequired

../../../repo/apps/api/tests/test_cli_sub005_fill_commit.py:1882: Failed
__ test_live_submitter_refuses_a_closed_shadow_root_with_zero_external_signal __

tmp_path = PosixPath('/tmp/pytest-of-root/pytest-11/test_live_submitter_refuses_a_0')

    def test_live_submitter_refuses_a_closed_shadow_root_with_zero_external_signal(
        tmp_path,
    ) -> None:
        """THE R6->R7 ADVERSARIAL-REVIEW BREAK (attack C2), ported exactly from
        adversarial/attackC2_closed_shadow_unconditional_success.py: a required
        control living entirely inside a CLOSED shadow root, on a host with no
        role/aria-required/contenteditable of its own, is genuinely unreadable
        by ANY web API — element.shadowRoot returns null for every external
        accessor, including this codebase's own composed census. On the unfixed
        R6 branch this returned submitted:true, confirmation:"Thank you for
        applying", filled:["name"] — the closed-shadow field was never seen,
        never attempted, never verified. R7's attachShadow-interception marker
        (installed via page.add_init_script, armed before ANY page script runs)
        gives the host's own EXISTENCE — never its content, which stays
        genuinely unreadable, a real browser-platform limit — an honest, page-
        JS-independent signal for the pre-existing _unclassifiable_controls
        backstop to flag, so the submission refuses rather than guesses."""
        from app.services.apply_executor import playwright_form_submitter
    
>       with pytest.raises(ManualStepRequired) as exc_info:
             ^^^^^^^^^^^^^^^^^^^^^^^^^^^^^^^^^
E       Failed: DID NOT RAISE ManualStepRequired

../../../repo/apps/api/tests/test_cli_sub005_fill_commit.py:1943: Failed
_ test_live_submitter_never_submits_over_a_field_revealed_inside_the_forms_own_submit_handler _

tmp_path = PosixPath('/tmp/pytest-of-root/pytest-11/test_live_submitter_never_subm6')

    def test_live_submitter_never_submits_over_a_field_revealed_inside_the_forms_own_submit_handler(
        tmp_path,
    ) -> None:
        """CLI-SUB-005-R7 bubble-phase closure of attack A for a genuinely
        NATIVE submit: the form's own 'onsubmit' handler reveals a brand-new
        required field and does NOT call preventDefault() itself, relying on the
        browser's own native default action (or, here, on Aether's own guard) to
        decide whether the submission proceeds — deliberately distinct from
        _SUBMIT_HANDLER_REVEAL_SYNC_FETCH_FORM below, which fakes success and
        destroys the field within the SAME synchronous handler. R6's capture-
        phase-only guard runs BEFORE the event ever reaches the target (DOM
        spec), so it cannot see this field; R7's new BUBBLE-phase 'submit'
        listener runs AFTER the target's own handler completes, sees the field
        still present in the DOM, and cancels the submission itself — the exact
        case 05-decision-memos/SUB-005-and-COV-3-rulings.md's R7 ruling names as
        the one attack-A construction the bubble-phase check DOES close."""
        from app.services.apply_executor import playwright_form_submitter
    
        with pytest.raises(ManualStepRequired) as exc_info:
            playwright_form_submitter(
                application_id="sub005r7-submit-handler-reveal-native",
                channel="ashby",
                page_html="",
                apply_url=_data_url(_SUBMIT_HANDLER_REVEAL_NATIVE_FORM),
                plan=_name_only_plan(),
                resume_pdf_bytes=b"%PDF-1.4 fake",
                cover_letter_text="Dear Hiring Manager,",
                evidence_dir=str(tmp_path),
                profile={},
                answer_bank=None,
            )
        err = exc_info.value
>       assert err.reason == "unplanned_required_field"
E       AssertionError: assert 'submit_click_failed' == 'unplanned_required_field'
E         
E         - unplanned_required_field
E         + submit_click_failed

../../../repo/apps/api/tests/test_cli_sub005_fill_commit.py:2016: AssertionError
=============================== warnings summary ===============================
../../../../../../root/dev/aether-job-career-agent/apps/api/.venv/lib/python3.12/site-packages/passlib/utils/__init__.py:854
  /root/dev/aether-job-career-agent/apps/api/.venv/lib/python3.12/site-packages/passlib/utils/__init__.py:854: DeprecationWarning: 'crypt' is deprecated and slated for removal in Python 3.13
    from crypt import crypt as _crypt

../../../../../../root/dev/aether-job-career-agent/apps/api/.venv/lib/python3.12/site-packages/fastapi/testclient.py:1
  /root/dev/aether-job-career-agent/apps/api/.venv/lib/python3.12/site-packages/fastapi/testclient.py:1: StarletteDeprecationWarning: Using `httpx` with `starlette.testclient` is deprecated; install `httpx2` instead.
    from starlette.testclient import TestClient as TestClient  # noqa

tests/test_admin2_billing.py: 66 warnings
tests/test_admin2_exec_metrics.py: 35 warnings
tests/test_admin2_sales_agents.py: 55 warnings
tests/test_admin2_sales_coexistence.py: 14 warnings
tests/test_admin2_user_lifecycle.py: 36 warnings
tests/test_admin_full_entitlements.py: 25 warnings
tests/test_admin_full_user_management.py: 44 warnings
tests/test_admin_lifecycle_mgmt.py: 36 warnings
tests/test_adv_ent_001_refine_entitlement_gate.py: 5 warnings
tests/test_aether_owned_brand_registry.py: 12 warnings
tests/test_agent_run_abandoned_reconcile.py: 14 warnings
tests/test_agents_screen.py: 25 warnings
tests/test_analytics.py: 35 warnings
tests/test_applications_move.py: 28 warnings
tests/test_applications_pipeline_clear.py: 14 warnings
tests/test_applications_timeline.py: 4 warnings
tests/test_applications_tracker.py: 11 warnings
tests/test_apply_form_grounding.py: 3 warnings
tests/test_apply_receipt_gate.py: 6 warnings
tests/test_apply_sweep_receipt_gate.py: 1 warning
tests/test_approval_modal.py: 11 warnings
tests/test_approvals.py: 10 warnings
tests/test_approvals_delete.py: 12 warnings
tests/test_aud_agent2_supervisor_honesty.py: 3 warnings
tests/test_aud_agent3_directives_cadence.py: 5 warnings
tests/test_aud_agent4_honest_counts.py: 8 warnings
tests/test_aud_cov_3_company_facts.py: 5 warnings
tests/test_aud_llm_1_token_budget.py: 2 warnings
tests/test_auth.py: 9 warnings
tests/test_b1b_agent_directives.py: 23 warnings
tests/test_b1c_story_corrective_loop.py: 3 warnings
tests/test_b6_parent_run_id.py: 4 warnings
tests/test_b7_linkedin_upload.py: 9 warnings
tests/test_blocker001_admin_overpermission.py: 1 warning
tests/test_blocker001_restart_safety.py: 2 warnings
tests/test_blocker007_fit_scorer_read_path.py: 4 warnings
tests/test_blocker008_jobs_list_read_path.py: 8 warnings
tests/test_blocker_006_empty_feed.py: 5 warnings
tests/test_career_data.py: 8 warnings
tests/test_clear_pipeline.py: 6 warnings
tests/test_cli001_sales_automated_sender_guard.py: 6 warnings
tests/test_cli004_metrics_honesty.py: 1 warning
tests/test_cli005_execute_transport_error.py: 1 warning
tests/test_cli_d1d2_real_toggles.py: 19 warnings
tests/test_cli_d3_transmitted_counts.py: 6 warnings
tests/test_cli_d5_served_model_disclosure.py: 8 warnings
tests/test_cli_qp_verified_submissions.py: 1 warning
tests/test_clock_skew_hardening.py: 4 warnings
tests/test_cov2_generation_fit_gate.py: 10 warnings
tests/test_cover_letter_agent.py: 9 warnings
tests/test_cover_letter_studio.py: 11 warnings
tests/test_cr_p0_2_checkout_honesty.py: 2 warnings
tests/test_critical3_llm_circuit_breaker.py: 12 warnings
tests/test_critical3b_credit_block_is_not_a_user_quota_block.py: 9 warnings
tests/test_critical4_orphaned_execution_claim.py: 11 warnings
tests/test_d524_generic_route_async.py: 10 warnings
tests/test_dqdepth_queue_status.py: 3 warnings
tests/test_email_agent.py: 4 warnings
tests/test_email_center_career_inbox.py: 7 warnings
tests/test_email_center_jobs_cron.py: 10 warnings
tests/test_email_send_gate.py: 4 warnings
tests/test_emails.py: 6 warnings
tests/test_env_managed_admin_password.py: 14 warnings
tests/test_f01_provider_credential_authz.py: 18 warnings
tests/test_f02_backend_user_scoped_discovery.py: 12 warnings
tests/test_f03_upload_silent_quota_spend.py: 7 warnings
tests/test_f04_probability_score_honesty.py: 9 warnings
tests/test_feat_email_brand_digest_cron.py: 13 warnings
tests/test_fit_scorer_agent.py: 2 warnings
tests/test_gap6_sourcing_volume.py: 1 warning
tests/test_gap_d1_dual_auth.py: 11 warnings
tests/test_gap_d2_multi_inbox.py: 13 warnings
tests/test_gap_d3_agent_config.py: 13 warnings
tests/test_gap_e2_conversion.py: 1 warning
tests/test_gap_model_choice.py: 8 warnings
tests/test_gap_new003_injection.py: 2 warnings
tests/test_gap_p4_002_guard_degrade.py: 7 warnings
tests/test_gap_p5_auth_compliance.py: 6 warnings
tests/test_gap_p5_cover.py: 5 warnings
tests/test_gap_p5_cover_voice.py: 5 warnings
tests/test_gap_p5_pdf_bullets.py: 2 warnings
tests/test_gap_p6_admin.py: 25 warnings
tests/test_gap_p6_billing.py: 17 warnings
tests/test_gap_p6_paywall.py: 10 warnings
tests/test_gap_p6_sourcing.py: 2 warnings
tests/test_gap_p7_async_001.py: 17 warnings
tests/test_gap_p7_async_concurrency.py: 3 warnings
  /root/dev/aether-job-career-agent/apps/api/.venv/lib/python3.12/site-packages/jwt/api_jwt.py:147: InsecureKeyLengthWarning: The HMAC key is 11 bytes long, which is below the minimum recommended length of 32 bytes for SHA256. See RFC 7518 Section 3.2.
    return self._jws.encode(

tests/test_admin2_billing.py: 56 warnings
tests/test_admin2_exec_metrics.py: 29 warnings
tests/test_admin2_sales_agents.py: 52 warnings
tests/test_admin2_sales_coexistence.py: 8 warnings
tests/test_admin2_user_lifecycle.py: 29 warnings
tests/test_admin_full_entitlements.py: 3 warnings
tests/test_admin_full_user_management.py: 35 warnings
tests/test_admin_lifecycle_mgmt.py: 22 warnings
tests/test_adv_ent_001_refine_entitlement_gate.py: 14 warnings
tests/test_aether_owned_brand_registry.py: 25 warnings
tests/test_agent_run_abandoned_reconcile.py: 14 warnings
tests/test_agents_screen.py: 50 warnings
tests/test_analytics.py: 75 warnings
tests/test_applications_move.py: 58 warnings
tests/test_applications_pipeline_clear.py: 28 warnings
tests/test_applications_timeline.py: 8 warnings
tests/test_applications_tracker.py: 23 warnings
tests/test_apply_form_grounding.py: 3 warnings
tests/test_apply_receipt_gate.py: 6 warnings
tests/test_apply_sweep_receipt_gate.py: 1 warning
tests/test_approval_modal.py: 21 warnings
tests/test_approvals.py: 23 warnings
tests/test_approvals_delete.py: 22 warnings
tests/test_aud_agent2_supervisor_honesty.py: 6 warnings
tests/test_aud_agent3_directives_cadence.py: 5 warnings
tests/test_aud_agent4_honest_counts.py: 16 warnings
tests/test_aud_cov_3_company_facts.py: 12 warnings
tests/test_aud_llm_1_token_budget.py: 2 warnings
tests/test_auth.py: 3 warnings
tests/test_b1b_agent_directives.py: 32 warnings
tests/test_b1c_story_corrective_loop.py: 6 warnings
tests/test_b6_parent_run_id.py: 10 warnings
tests/test_b7_linkedin_upload.py: 17 warnings
tests/test_blocker001_admin_overpermission.py: 2 warnings
tests/test_blocker001_restart_safety.py: 2 warnings
tests/test_blocker007_fit_scorer_read_path.py: 8 warnings
tests/test_blocker008_jobs_list_read_path.py: 12 warnings
tests/test_blocker_006_empty_feed.py: 10 warnings
tests/test_career_data.py: 12 warnings
tests/test_clear_pipeline.py: 13 warnings
tests/test_cli001_sales_automated_sender_guard.py: 7 warnings
tests/test_cli004_metrics_honesty.py: 1 warning
tests/test_cli005_execute_transport_error.py: 2 warnings
tests/test_cli_d1d2_real_toggles.py: 20 warnings
tests/test_cli_d3_transmitted_counts.py: 11 warnings
tests/test_cli_d5_served_model_disclosure.py: 8 warnings
tests/test_cli_qp_verified_submissions.py: 1 warning
tests/test_clock_skew_hardening.py: 4 warnings
tests/test_cov2_generation_fit_gate.py: 14 warnings
tests/test_cover_letter_agent.py: 32 warnings
tests/test_cover_letter_studio.py: 34 warnings
tests/test_cr_p0_2_checkout_honesty.py: 4 warnings
tests/test_critical3_llm_circuit_breaker.py: 12 warnings
tests/test_critical3b_credit_block_is_not_a_user_quota_block.py: 9 warnings
tests/test_critical4_orphaned_execution_claim.py: 12 warnings
tests/test_d524_generic_route_async.py: 21 warnings
tests/test_dqdepth_queue_status.py: 3 warnings
tests/test_email_agent.py: 11 warnings
tests/test_email_center_career_inbox.py: 15 warnings
tests/test_email_center_jobs_cron.py: 13 warnings
tests/test_email_send_gate.py: 9 warnings
tests/test_emails.py: 13 warnings
tests/test_env_managed_admin_password.py: 3 warnings
tests/test_f01_provider_credential_authz.py: 18 warnings
tests/test_f02_backend_user_scoped_discovery.py: 24 warnings
tests/test_f03_upload_silent_quota_spend.py: 17 warnings
tests/test_f04_probability_score_honesty.py: 19 warnings
tests/test_feat_email_brand_digest_cron.py: 22 warnings
tests/test_fit_scorer_agent.py: 6 warnings
tests/test_gap6_sourcing_volume.py: 2 warnings
tests/test_gap_d1_dual_auth.py: 12 warnings
tests/test_gap_d2_multi_inbox.py: 22 warnings
tests/test_gap_d3_agent_config.py: 21 warnings
tests/test_gap_e2_conversion.py: 3 warnings
tests/test_gap_model_choice.py: 18 warnings
tests/test_gap_new003_injection.py: 4 warnings
tests/test_gap_p4_002_guard_degrade.py: 9 warnings
tests/test_gap_p5_auth_compliance.py: 9 warnings
tests/test_gap_p5_cover.py: 11 warnings
tests/test_gap_p5_cover_voice.py: 10 warnings
tests/test_gap_p5_pdf_bullets.py: 2 warnings
tests/test_gap_p6_admin.py: 16 warnings
tests/test_gap_p6_billing.py: 20 warnings
tests/test_gap_p6_paywall.py: 14 warnings
tests/test_gap_p6_sourcing.py: 4 warnings
tests/test_gap_p7_async_001.py: 24 warnings
tests/test_gap_p7_async_concurrency.py: 3 warnings
  /root/dev/aether-job-career-agent/apps/api/.venv/lib/python3.12/site-packages/jwt/api_jwt.py:368: InsecureKeyLengthWarning: The HMAC key is 11 bytes long, which is below the minimum recommended length of 32 bytes for SHA256. See RFC 7518 Section 3.2.
    decoded = self.decode_complete(

tests/test_admin2_billing.py: 5 warnings
tests/test_admin2_sales_agents.py: 7 warnings
tests/test_admin2_user_lifecycle.py: 1 warning
tests/test_admin_full_user_management.py: 2 warnings
tests/test_admin_lifecycle_mgmt.py: 2 warnings
tests/test_b7_linkedin_upload.py: 4 warnings
  /root/dev/aether-job-career-agent/apps/api/.venv/lib/python3.12/site-packages/fastapi/routing.py:352: StarletteDeprecationWarning: 'HTTP_422_UNPROCESSABLE_ENTITY' is deprecated. Use 'HTTP_422_UNPROCESSABLE_CONTENT' instead.
    return await dependant.call(**values)

tests/test_admin2_billing.py::test_custom_price_validates_amount_and_interval[body0]
tests/test_admin2_billing.py::test_custom_price_validates_amount_and_interval[body1]
tests/test_admin2_billing.py::test_custom_price_validates_amount_and_interval[body2]
tests/test_admin2_billing.py::test_custom_price_validates_amount_and_interval[body3]
tests/test_admin2_billing.py::test_custom_price_validates_amount_and_interval[body6]
tests/test_admin2_billing.py::test_custom_price_validates_amount_and_interval[body7]
  /var/tmp/v6-r184/repo-before/apps/api/app/routers/admin.py:1321: StarletteDeprecationWarning: 'HTTP_422_UNPROCESSABLE_ENTITY' is deprecated. Use 'HTTP_422_UNPROCESSABLE_CONTENT' instead.
    amount = _parse_amount_aud(body.get("amountAud"))

tests/test_admin2_billing.py::test_custom_price_validates_amount_and_interval[body4]
tests/test_admin2_billing.py::test_custom_price_validates_amount_and_interval[body5]
  /var/tmp/v6-r184/repo-before/apps/api/app/routers/admin.py:1322: StarletteDeprecationWarning: 'HTTP_422_UNPROCESSABLE_ENTITY' is deprecated. Use 'HTTP_422_UNPROCESSABLE_CONTENT' instead.
    interval = _parse_interval(body.get("interval"))

tests/test_admin2_billing.py::test_create_promo_validates_its_body[body0]
tests/test_admin2_billing.py::test_create_promo_validates_its_body[body1]
tests/test_admin2_billing.py::test_create_promo_validates_its_body[body2]
tests/test_admin2_billing.py::test_create_promo_validates_its_body[body3]
tests/test_admin2_billing.py::test_create_promo_validates_its_body[body4]
tests/test_admin2_billing.py::test_create_promo_validates_its_body[body5]
tests/test_admin2_billing.py::test_create_promo_validates_its_body[body6]
  /var/tmp/v6-r184/repo-before/apps/api/app/routers/admin.py:1918: StarletteDeprecationWarning: 'HTTP_422_UNPROCESSABLE_ENTITY' is deprecated. Use 'HTTP_422_UNPROCESSABLE_CONTENT' instead.
    args = _parse_promo_body(body)

tests/test_admin2_billing.py::test_create_promo_validates_its_body[body7]
  /var/tmp/v6-r184/repo-before/apps/api/app/routers/admin.py:1839: StarletteDeprecationWarning: 'HTTP_422_UNPROCESSABLE_ENTITY' is deprecated. Use 'HTTP_422_UNPROCESSABLE_CONTENT' instead.
    amount_off = _parse_amount_aud(amount_off)

tests/test_admin2_sales_agents.py::test_create_sales_agent_rejects_an_out_of_range_commission[-1]
tests/test_admin2_sales_agents.py::test_create_sales_agent_rejects_an_out_of_range_commission[100.1]
tests/test_admin2_sales_agents.py::test_create_sales_agent_rejects_an_out_of_range_commission[ten]
tests/test_admin2_sales_agents.py::test_create_sales_agent_rejects_an_out_of_range_commission[None]
  /var/tmp/v6-r184/repo-before/apps/api/app/routers/admin.py:2075: StarletteDeprecationWarning: 'HTTP_422_UNPROCESSABLE_ENTITY' is deprecated. Use 'HTTP_422_UNPROCESSABLE_CONTENT' instead.
    commission_pct = _clean_commission_pct(body.get("commissionPct", 0))

tests/test_admin2_sales_agents.py::test_create_sales_agent_requires_a_name
  /var/tmp/v6-r184/repo-before/apps/api/app/routers/admin.py:2072: StarletteDeprecationWarning: 'HTTP_422_UNPROCESSABLE_ENTITY' is deprecated. Use 'HTTP_422_UNPROCESSABLE_CONTENT' instead.
    name = _clean_agent_name(body.get("name"))

tests/test_admin2_sales_agents.py::test_update_sales_agent_rejects_an_unknown_status
  /var/tmp/v6-r184/repo-before/apps/api/app/routers/admin.py:2156: StarletteDeprecationWarning: 'HTTP_422_UNPROCESSABLE_ENTITY' is deprecated. Use 'HTTP_422_UNPROCESSABLE_CONTENT' instead.
    changes["status"] = _clean_agent_status(body.get("status"))

tests/test_admin2_user_lifecycle.py::test_admin_create_user_rejects_a_malformed_email_with_422[]
tests/test_admin2_user_lifecycle.py::test_admin_create_user_rejects_a_malformed_email_with_422[   ]
tests/test_admin2_user_lifecycle.py::test_admin_create_user_rejects_a_malformed_email_with_422[not-an-email]
tests/test_admin2_user_lifecycle.py::test_admin_create_user_rejects_a_malformed_email_with_422[a b@example.com]
tests/test_admin2_user_lifecycle.py::test_admin_create_user_rejects_a_malformed_email_with_422[12]
  /var/tmp/v6-r184/repo-before/apps/api/app/routers/admin.py:777: StarletteDeprecationWarning: 'HTTP_422_UNPROCESSABLE_ENTITY' is deprecated. Use 'HTTP_422_UNPROCESSABLE_CONTENT' instead.
    email = _clean_email(body.get("email"))

tests/test_admin_lifecycle_mgmt.py::test_unknown_view_is_an_honest_422
tests/test_applications_tracker.py::TestListApplications::test_invalid_status_is_422_not_500
tests/test_applications_tracker.py::TestDetailAndSubmit::test_submit_rejects_when_no_tailored_resume_for_job
tests/test_approval_modal.py::TestStatusFilterValidation::test_invalid_filter_is_422_not_500
tests/test_email_agent.py::test_email_run_draft_without_thread_is_422
tests/test_gap_d3_agent_config.py::test_credential_ref_must_belong_to_user
  /root/dev/aether-job-career-agent/apps/api/.venv/lib/python3.12/site-packages/anyio/_backends/_asyncio.py:1033: StarletteDeprecationWarning: 'HTTP_422_UNPROCESSABLE_ENTITY' is deprecated. Use 'HTTP_422_UNPROCESSABLE_CONTENT' instead.
    result = context.run(func, *args)

tests/test_agents_screen.py: 1 warning
tests/test_applications_tracker.py: 1 warning
tests/test_approval_modal.py: 1 warning
tests/test_auth.py: 2 warnings
tests/test_b1b_agent_directives.py: 1 warning
tests/test_cover_letter_studio.py: 1 warning
tests/test_gap_d3_agent_config.py: 2 warnings
tests/test_gap_p5_auth_compliance.py: 1 warning
  /root/dev/aether-job-career-agent/apps/api/.venv/lib/python3.12/site-packages/starlette/_exception_handler.py:59: StarletteDeprecationWarning: 'HTTP_422_UNPROCESSABLE_ENTITY' is deprecated. Use 'HTTP_422_UNPROCESSABLE_CONTENT' instead.
    response = await handler(conn, exc)  # type: ignore[arg-type]

tests/test_analytics.py::TestAnalytics::test_time_period_filter_works
  /var/tmp/v6-r184/repo-before/apps/api/app/routers/analytics.py:174: StarletteDeprecationWarning: 'HTTP_422_UNPROCESSABLE_ENTITY' is deprecated. Use 'HTTP_422_UNPROCESSABLE_CONTENT' instead.
    job_filter = _period_clause(period, '"createdAt"')

tests/test_applications_move.py::TestApplicationMove::test_job_fed_target_is_422[discovered]
tests/test_applications_move.py::TestApplicationMove::test_job_fed_target_is_422[evaluating]
tests/test_applications_move.py::TestApplicationMove::test_job_fed_target_is_422[tailoring]
tests/test_applications_move.py::TestApplicationMove::test_unknown_stage_is_422
  /var/tmp/v6-r184/repo-before/apps/api/app/services/stage_transitions.py:156: StarletteDeprecationWarning: 'HTTP_422_UNPROCESSABLE_ENTITY' is deprecated. Use 'HTTP_422_UNPROCESSABLE_CONTENT' instead.
    new_status = validate_stage(to_stage, APP_STAGE_TO_STATUS, "application")

tests/test_applications_move.py::TestApplicationMove::test_closed_application_cannot_move[rejected]
tests/test_applications_move.py::TestApplicationMove::test_closed_application_cannot_move[withdrawn]
  /var/tmp/v6-r184/repo-before/apps/api/app/routers/applications.py:1085: StarletteDeprecationWarning: 'HTTP_422_UNPROCESSABLE_ENTITY' is deprecated. Use 'HTTP_422_UNPROCESSABLE_CONTENT' instead.
    move_application_stage(

tests/test_applications_move.py::TestJobPipelineMove::test_app_fed_target_is_422[ready]
tests/test_applications_move.py::TestJobPipelineMove::test_app_fed_target_is_422[submitted]
tests/test_applications_move.py::TestJobPipelineMove::test_app_fed_target_is_422[in-review]
tests/test_applications_move.py::TestJobPipelineMove::test_app_fed_target_is_422[interview]
tests/test_applications_move.py::TestJobPipelineMove::test_app_fed_target_is_422[offer]
  /var/tmp/v6-r184/repo-before/apps/api/app/services/stage_transitions.py:286: StarletteDeprecationWarning: 'HTTP_422_UNPROCESSABLE_ENTITY' is deprecated. Use 'HTTP_422_UNPROCESSABLE_CONTENT' instead.
    new_status = validate_stage(to_stage, JOB_STAGE_TO_STATUS, "job")

tests/test_b7_linkedin_upload.py::test_upload_rejects_file_over_10mb
  /root/dev/aether-job-career-agent/apps/api/.venv/lib/python3.12/site-packages/fastapi/routing.py:352: StarletteDeprecationWarning: 'HTTP_413_REQUEST_ENTITY_TOO_LARGE' is deprecated. Use 'HTTP_413_CONTENT_TOO_LARGE' instead.
    return await dependant.call(**values)

tests/test_blocker_006_empty_feed.py::TestJobsEndpointBlocker006::test_ready_jobs_with_old_posting_dates_are_returned
tests/test_blocker_006_empty_feed.py::TestJobsEndpointBlocker006::test_ready_jobs_with_old_posting_dates_are_returned
tests/test_blocker_006_empty_feed.py::TestJobsEndpointBlocker006::test_ready_jobs_with_old_posting_dates_are_returned
tests/test_blocker_006_empty_feed.py::TestJobsEndpointBlocker006::test_ready_jobs_with_old_posting_dates_are_returned
tests/test_blocker_006_empty_feed.py::TestJobsEndpointBlocker006::test_ready_jobs_with_old_posting_dates_are_returned
tests/test_blocker_006_empty_feed.py::TestJobsEndpointBlocker006::test_feed_rows_expose_their_real_posting_age
tests/test_blocker_006_empty_feed.py::TestJobsEndpointBlocker006::test_listing_the_source_stopped_returning_is_hidden_but_kept
tests/test_blocker_006_empty_feed.py::TestJobsEndpointBlocker006::test_listing_the_source_stopped_returning_is_hidden_but_kept
tests/test_blocker_006_empty_feed.py::TestJobsEndpointBlocker006::test_camel_case_includeStale_is_accepted
  /var/tmp/v6-r184/repo/apps/api/tests/test_blocker_006_empty_feed.py:239: DeprecationWarning: datetime.datetime.utcnow() is deprecated and scheduled for removal in a future version. Use timezone-aware objects to represent datetimes in UTC: datetime.datetime.now(datetime.UTC).
    else (datetime.utcnow() - timedelta(days=posted_days_ago)).isoformat()

tests/test_blocker_006_empty_feed.py::TestSweepRecordsLiveness::test_create_stamps_last_seen_at
  /var/tmp/v6-r184/repo/apps/api/tests/test_blocker_006_empty_feed.py:336: DeprecationWarning: datetime.datetime.utcnow() is deprecated and scheduled for removal in a future version. Use timezone-aware objects to represent datetimes in UTC: datetime.datetime.now(datetime.UTC).
    "postedAt": (datetime.utcnow() - timedelta(days=140)).isoformat(),

tests/test_blocker_006_empty_feed.py::TestSweepRecordsLiveness::test_create_stamps_last_seen_at
  /var/tmp/v6-r184/repo/apps/api/tests/test_blocker_006_empty_feed.py:360: DeprecationWarning: datetime.datetime.utcnow() is deprecated and scheduled for removal in a future version. Use timezone-aware objects to represent datetimes in UTC: datetime.datetime.now(datetime.UTC).
    assert stamped > datetime.utcnow() - timedelta(minutes=5), (

tests/test_d524_generic_route_async.py::test_generic_route_async_missing_required_param_still_422_before_enqueue
  /var/tmp/v6-r184/repo-before/apps/api/app/routers/agents.py:2504: StarletteDeprecationWarning: 'HTTP_422_UNPROCESSABLE_ENTITY' is deprecated. Use 'HTTP_422_UNPROCESSABLE_CONTENT' instead.
    job_id = _require_job_id(params)

tests/test_f02_backend_user_scoped_discovery.py::TestPipelineRunDerivesTheSearchFromTheUser::test_empty_profile_is_refused_by_name_not_substituted
tests/test_f02_backend_user_scoped_discovery.py::TestPipelineRunDerivesTheSearchFromTheUser::test_a_refused_pipeline_records_and_bills_nothing
tests/test_f02_backend_user_scoped_discovery.py::TestPipelineRunDerivesTheSearchFromTheUser::test_half_a_profile_is_refused_naming_only_the_missing_half
tests/test_f02_backend_user_scoped_discovery.py::TestScoutRunDerivesTheSearchFromTheUser::test_empty_profile_is_refused_by_name
tests/test_f02_backend_user_scoped_discovery.py::TestScoutRunDerivesTheSearchFromTheUser::test_the_shared_dispatch_seam_refuses_too
  /var/tmp/v6-r184/repo-before/apps/api/app/routers/agents.py:2453: StarletteDeprecationWarning: 'HTTP_422_UNPROCESSABLE_ENTITY' is deprecated. Use 'HTTP_422_UNPROCESSABLE_CONTENT' instead.
    raise _missing_search_target_422(missing)

tests/test_gap_p4_002_guard_degrade.py::TestGuardRejectionIsAnHonestCompletedDegrade::test_rejection_still_propagates_so_callers_keep_their_shape
  /var/tmp/v6-r184/repo-before/apps/api/app/routers/agents.py:3980: StarletteDeprecationWarning: 'HTTP_422_UNPROCESSABLE_ENTITY' is deprecated. Use 'HTTP_422_UNPROCESSABLE_CONTENT' instead.
    raise _guard_rejection_http_error("Cover letter", exc) from exc

tests/test_gap_p5_auth_compliance.py::test_put_deployment_credential_rejects_subscription_oauth
  /var/tmp/v6-r184/repo-before/apps/api/app/routers/agents.py:6242: StarletteDeprecationWarning: 'HTTP_422_UNPROCESSABLE_ENTITY' is deprecated. Use 'HTTP_422_UNPROCESSABLE_CONTENT' instead.
    stored_mode, stored_secret = _validate_provider_auth(

tests/test_gap_p5_auth_compliance.py::test_put_user_credential_rejects_subscription_oauth
  /var/tmp/v6-r184/repo-before/apps/api/app/routers/agents.py:6551: StarletteDeprecationWarning: 'HTTP_422_UNPROCESSABLE_ENTITY' is deprecated. Use 'HTTP_422_UNPROCESSABLE_CONTENT' instead.
    stored_mode, stored_secret = _validate_provider_auth(

tests/test_gap_p6_admin.py::test_spend_cap_malformed_json_authed_is_422
tests/test_gap_p6_admin.py::test_spend_cap_invalid_value_authed_is_422
  /var/tmp/v6-r184/repo-before/apps/api/app/routers/admin.py:176: StarletteDeprecationWarning: 'HTTP_422_UNPROCESSABLE_ENTITY' is deprecated. Use 'HTTP_422_UNPROCESSABLE_CONTENT' instead.
    body = await _parse_spend_cap_body(request)

tests/test_gap_p6_sourcing.py::TestJobsFeedEndpoint::test_default_feed_hides_seek_and_stale_include_stale_shows_them
tests/test_gap_p6_sourcing.py::TestJobsFeedEndpoint::test_default_feed_hides_seek_and_stale_include_stale_shows_them
tests/test_gap_p6_sourcing.py::TestJobsFeedEndpoint::test_default_feed_hides_seek_and_stale_include_stale_shows_them
tests/test_gap_p6_sourcing.py::TestJobsFeedEndpoint::test_default_feed_hides_seek_and_stale_include_stale_shows_them
tests/test_gap_p6_sourcing.py::TestJobsFeedEndpoint::test_default_feed_has_zero_duplicate_external_urls
tests/test_gap_p6_sourcing.py::TestJobsFeedEndpoint::test_default_feed_has_zero_duplicate_external_urls
  /var/tmp/v6-r184/repo/apps/api/tests/test_gap_p6_sourcing.py:408: DeprecationWarning: datetime.datetime.utcnow() is deprecated and scheduled for removal in a future version. Use timezone-aware objects to represent datetimes in UTC: datetime.datetime.now(datetime.UTC).
    posted = (datetime.utcnow() - timedelta(days=posted_days_ago)).isoformat()

-- Docs: https://docs.pytest.org/en/stable/how-to/capture-warnings.html
=========================== short test summary info ============================
FAILED tests/test_cli_sub005_fill_commit.py::test_live_submitter_never_submits_a_form_that_wipes_the_fill
FAILED tests/test_cli_sub005_fill_commit.py::test_live_submitter_blocks_a_post_snapshot_conditional_field_with_no_answer
FAILED tests/test_cli_sub005_fill_commit.py::test_live_submitter_answers_a_post_snapshot_conditional_field_from_the_answer_bank
FAILED tests/test_cli_sub005_fill_commit.py::test_live_submitter_refills_a_field_wiped_by_a_file_upload
FAILED tests/test_cli_sub005_fill_commit.py::test_live_submitter_never_submits_over_a_field_the_gate_refill_reveals
FAILED tests/test_cli_sub005_fill_commit.py::test_live_submitter_converges_and_submits_when_gate_refill_reveal_is_answerable
FAILED tests/test_cli_sub005_fill_commit.py::test_live_submitter_never_submits_over_a_known_field_that_turns_required_live
FAILED tests/test_cli_sub005_fill_commit.py::test_live_submitter_converges_and_submits_when_the_toggled_field_is_answerable
FAILED tests/test_cli_sub005_fill_commit.py::test_live_submitter_never_submits_over_an_unanswerable_iframe_required_field
FAILED tests/test_cli_sub005_fill_commit.py::test_live_submitter_resolves_and_submits_an_answerable_iframe_required_field
FAILED tests/test_cli_sub005_fill_commit.py::test_live_submitter_never_submits_over_an_unanswerable_shadow_dom_required_field
FAILED tests/test_cli_sub005_fill_commit.py::test_live_submitter_resolves_and_submits_an_answerable_shadow_dom_required_field
FAILED tests/test_cli_sub005_fill_commit.py::test_live_submitter_never_submits_over_a_field_revealed_at_mousedown_on_submit
FAILED tests/test_cli_sub005_fill_commit.py::test_live_submitter_refuses_when_the_guards_own_installation_throws
FAILED tests/test_cli_sub005_fill_commit.py::test_live_submitter_refuses_when_the_composed_census_itself_throws
FAILED tests/test_cli_sub005_fill_commit.py::test_live_submitter_refuses_a_closed_shadow_root_with_zero_external_signal
FAILED tests/test_cli_sub005_fill_commit.py::test_live_submitter_never_submits_over_a_field_revealed_inside_the_forms_own_submit_handler
17 failed, 1768 passed, 13 skipped, 2433 warnings in 1715.35s (0:28:35)
SLICE_EXIT=0 (/tmp/r184b-slice-aa)
===== SLICE /tmp/r184b-slice-ab =====
[run-tests.sh] DATABASE_URL(_TEST) pinned to schema=aether_test_r184b — safe to proceed.
...................
Loading weights:   0%|          | 0/103 [00:00<?, ?it/s][A..................................................... [  4%]
......................................Loading weights:   0%|          | 0/103 [00:00<?, ?it/s].................................. [  8%]
........................................................................ [ 13%]
........................................................................ [ 17%]
........................................................................ [ 21%]
........................................................................ [ 26%]
........................................................................ [ 30%]
........................................................................ [ 34%]
........................................................................ [ 39%]
........................................................................ [ 43%]
........................................................................ [ 47%]
........................................................................ [ 52%]
........................................................................ [ 56%]
...............Loading weights:   0%|          | 0/103 [00:00<?, ?it/s]....................Loading weights:   0%|          | 0/103 [00:00<?, ?it/s]..................................... [ 60%]
.....................................................s.................. [ 65%]
........................................................................ [ 69%]
.......................................................................Loading weights:   0%|          | 0/103 [00:00<?, ?it/s]. [ 74%]
.Loading weights: 100%|██████████| 103/103 [00:00<00:00, 10366.25it/s]
....................................................................... [ 78%]
...........Loading weights:   0%|          | 0/103 [00:00<?, ?it/s].....Loading weights: 100%|██████████| 103/103 [00:00<00:00, 3738.92it/s]
........................................................ [ 82%]
.............Loading weights:   0%|          | 0/103 [00:00<?, ?it/s]........................................................... [ 87%]
........................................................................ [ 91%]
........................................Loading weights:   0%|          | 0/103 [00:00<?, ?it/s]................................ [ 95%]
.....................................................................    [100%]
=============================== warnings summary ===============================
../../../../../../root/dev/aether-job-career-agent/apps/api/.venv/lib/python3.12/site-packages/passlib/utils/__init__.py:854
  /root/dev/aether-job-career-agent/apps/api/.venv/lib/python3.12/site-packages/passlib/utils/__init__.py:854: DeprecationWarning: 'crypt' is deprecated and slated for removal in Python 3.13
    from crypt import crypt as _crypt

../../../../../../root/dev/aether-job-career-agent/apps/api/.venv/lib/python3.12/site-packages/fastapi/testclient.py:1
  /root/dev/aether-job-career-agent/apps/api/.venv/lib/python3.12/site-packages/fastapi/testclient.py:1: StarletteDeprecationWarning: Using `httpx` with `starlette.testclient` is deprecated; install `httpx2` instead.
    from starlette.testclient import TestClient as TestClient  # noqa

tests/test_gap_p7_def_a_dual_mode.py: 10 warnings
tests/test_gap_p7_def_b_email_validation.py: 8 warnings
tests/test_gap_p7_def_b_persist.py: 2 warnings
tests/test_gap_p7_discovery_001.py: 8 warnings
tests/test_gap_payment_review_backend.py: 19 warnings
tests/test_gm2_email_agents_findings.py: 3 warnings
tests/test_gm2_f01_provider_route_authz.py: 10 warnings
tests/test_gm2_s15_signup_nul_byte_500.py: 7 warnings
tests/test_gm2_s15_stored_signoff_leak_paths.py: 13 warnings
tests/test_gm2s15_f04_probability_self_reference.py: 3 warnings
tests/test_gm_v2_raw_count_class_closure.py: 3 warnings
tests/test_gmail_contact_import.py: 7 warnings
tests/test_gmv2_approval_audit_fix.py: 7 warnings
tests/test_gmv2_wf_approvals_contract.py: 6 warnings
tests/test_gmv2_wf_reconciliation.py: 2 warnings
tests/test_gmv2_wf_stage_patch.py: 12 warnings
tests/test_gmv2_wh_apply_contract.py: 8 warnings
tests/test_google_oauth.py: 4 warnings
tests/test_i4_fe03_settings_seek_gating.py: 3 warnings
tests/test_interview_ingest.py: 8 warnings
tests/test_interview_pack.py: 2 warnings
tests/test_interview_prep_briefing.py: 1 warning
tests/test_interviews.py: 5 warnings
tests/test_job_alert_intake.py: 13 warnings
tests/test_job_discovery.py: 3 warnings
tests/test_jobs_insights_apply.py: 14 warnings
tests/test_linkedin_contact_import.py: 5 warnings
tests/test_llm_resilience.py: 4 warnings
tests/test_llm_retry_after_headers.py: 1 warning
tests/test_market_pulse_interview_count_divergence.py: 1 warning
tests/test_meta1_cohort_transmitted.py: 13 warnings
tests/test_ml_admin_001.py: 8 warnings
tests/test_ml_admin_003_nul_query_param.py: 22 warnings
tests/test_ml_admin_free_fallback.py: 15 warnings
tests/test_ml_adv_002_oauth_exchange_status.py: 2 warnings
tests/test_ml_agents_cred_005_delete_clears_reauth.py: 4 warnings
tests/test_ml_agents_err_001.py: 9 warnings
tests/test_ml_agents_err_001_obs.py: 7 warnings
tests/test_ml_agents_refix.py: 13 warnings
tests/test_ml_catalog_fix1.py: 10 warnings
tests/test_ml_cover002_async_degrade.py: 2 warnings
tests/test_ml_cover_draft_resilience.py: 1 warning
tests/test_ml_cred_001.py: 12 warnings
tests/test_ml_cred_002_anthropic_oauth.py: 19 warnings
tests/test_ml_email_001_noop_metering.py: 1 warning
tests/test_ml_f1_f3_run_route_and_agent_list.py: 10 warnings
tests/test_ml_model_curation.py: 1 warning
tests/test_ml_nth05_normalizer_pin.py: 1 warning
tests/test_ml_signup_001.py: 1 warning
tests/test_ml_w11_cover_claim_context.py: 3 warnings
tests/test_ml_w13_email_inbox_limit.py: 7 warnings
tests/test_ml_w14_served_model_billing.py: 9 warnings
tests/test_ml_w17_application_race_unique_index.py: 6 warnings
tests/test_ml_w19_w20_board_sweep_suppression.py: 13 warnings
tests/test_ml_w22_degraded_cost_recording.py: 13 warnings
tests/test_ml_w24_success_path_real_usage.py: 5 warnings
tests/test_ml_w25_autopilot_suppression_visibility.py: 12 warnings
tests/test_ml_w26_refine_claim_guard.py: 2 warnings
tests/test_ml_w4b_interview_panel_attribution.py: 6 warnings
tests/test_ml_w4c_email_agent_quota.py: 9 warnings
tests/test_model_sub_quota.py: 23 warnings
tests/test_mon001_board_sweep_bounded_read.py: 5 warnings
tests/test_mon002_gmail_403_backoff.py: 5 warnings
tests/test_mon006_wellfound_404_blocked.py: 1 warning
tests/test_mon011_honest_format_integrity.py: 2 warnings
tests/test_mon020_async_scout.py: 13 warnings
tests/test_mv_clstudio_003.py: 3 warnings
tests/test_mv_clstudio_j_residuals.py: 8 warnings
tests/test_mv_cluster_a_cover_letter.py: 6 warnings
tests/test_mv_email_center.py: 8 warnings
tests/test_mv_j_correctness.py: 12 warnings
tests/test_mv_resume_grounding.py: 11 warnings
tests/test_mv_resume_studio.py: 11 warnings
tests/test_mv_signup_001_bcrypt.py: 1 warning
tests/test_networking.py: 11 warnings
tests/test_networking_insights.py: 8 warnings
tests/test_offers.py: 4 warnings
tests/test_offers_persist.py: 11 warnings
tests/test_orch_adv_operating_loop.py: 15 warnings
tests/test_orch_adv_story_grounded_outreach.py: 2 warnings
tests/test_part2_remediation.py: 9 warnings
tests/test_password_reset.py: 3 warnings
tests/test_pipeline.py: 2 warnings
tests/test_profile_avatar.py: 11 warnings
tests/test_provider_config.py: 10 warnings
tests/test_provider_oauth_connect.py: 24 warnings
tests/test_resume_format_preserve.py: 9 warnings
tests/test_resume_ingest.py: 5 warnings
tests/test_resume_upload.py: 24 warnings
tests/test_rfmt2_clean_download.py: 5 warnings
tests/test_rfmt5_outbound_preserved_format.py: 9 warnings
tests/test_rt001_no_internals_in_password_errors.py: 3 warnings
tests/test_rt002_empty_bullets_guard.py: 9 warnings
tests/test_rt004_llm_bullet_extraction.py: 9 warnings
tests/test_rt_004_application_card_dedup.py: 9 warnings
tests/test_rt_005_board_stage_sync.py: 9 warnings
tests/test_rt_007_board_sweep.py: 20 warnings
tests/test_rt_008_blocked_source.py: 2 warnings
tests/test_rt_008_event_trigger.py: 14 warnings
tests/test_rt_009_010_apply_wiring.py: 12 warnings
tests/test_sales_agent.py: 43 warnings
tests/test_sales_network_nurture.py: 4 warnings
tests/test_sales_s1_backlog_scan.py: 28 warnings
tests/test_sales_s2_llm_classify.py: 8 warnings
  /root/dev/aether-job-career-agent/apps/api/.venv/lib/python3.12/site-packages/jwt/api_jwt.py:147: InsecureKeyLengthWarning: The HMAC key is 11 bytes long, which is below the minimum recommended length of 32 bytes for SHA256. See RFC 7518 Section 3.2.
    return self._jws.encode(

tests/test_gap_p7_def_a_dual_mode.py: 20 warnings
tests/test_gap_p7_def_b_email_validation.py: 17 warnings
tests/test_gap_p7_def_b_persist.py: 4 warnings
tests/test_gap_p7_discovery_001.py: 16 warnings
tests/test_gap_payment_review_backend.py: 20 warnings
tests/test_gm2_email_agents_findings.py: 6 warnings
tests/test_gm2_f01_provider_route_authz.py: 11 warnings
tests/test_gm2_s15_stored_signoff_leak_paths.py: 30 warnings
tests/test_gm2s15_f04_probability_self_reference.py: 7 warnings
tests/test_gm_v2_raw_count_class_closure.py: 6 warnings
tests/test_gmail_contact_import.py: 14 warnings
tests/test_gmv2_approval_audit_fix.py: 12 warnings
tests/test_gmv2_wf_approvals_contract.py: 10 warnings
tests/test_gmv2_wf_reconciliation.py: 7 warnings
tests/test_gmv2_wf_stage_patch.py: 25 warnings
tests/test_gmv2_wh_apply_contract.py: 14 warnings
tests/test_google_oauth.py: 8 warnings
tests/test_i4_fe03_settings_seek_gating.py: 6 warnings
tests/test_interview_ingest.py: 8 warnings
tests/test_interview_pack.py: 3 warnings
tests/test_interview_prep_briefing.py: 1 warning
tests/test_interviews.py: 10 warnings
tests/test_job_alert_intake.py: 17 warnings
tests/test_job_discovery.py: 7 warnings
tests/test_jobs_insights_apply.py: 29 warnings
tests/test_linkedin_contact_import.py: 10 warnings
tests/test_llm_resilience.py: 13 warnings
tests/test_llm_retry_after_headers.py: 1 warning
tests/test_market_pulse_interview_count_divergence.py: 2 warnings
tests/test_meta1_cohort_transmitted.py: 26 warnings
tests/test_ml_admin_001.py: 4 warnings
tests/test_ml_admin_003_nul_query_param.py: 38 warnings
tests/test_ml_admin_free_fallback.py: 15 warnings
tests/test_ml_adv_002_oauth_exchange_status.py: 4 warnings
tests/test_ml_agents_cred_005_delete_clears_reauth.py: 9 warnings
tests/test_ml_agents_err_001.py: 18 warnings
tests/test_ml_agents_err_001_obs.py: 14 warnings
tests/test_ml_agents_refix.py: 26 warnings
tests/test_ml_catalog_fix1.py: 19 warnings
tests/test_ml_cover002_async_degrade.py: 2 warnings
tests/test_ml_cover_draft_resilience.py: 3 warnings
tests/test_ml_cred_001.py: 24 warnings
tests/test_ml_cred_002_anthropic_oauth.py: 36 warnings
tests/test_ml_email_001_noop_metering.py: 2 warnings
tests/test_ml_f1_f3_run_route_and_agent_list.py: 20 warnings
tests/test_ml_model_curation.py: 2 warnings
tests/test_ml_nth05_normalizer_pin.py: 2 warnings
tests/test_ml_signup_001.py: 2 warnings
tests/test_ml_w11_cover_claim_context.py: 6 warnings
tests/test_ml_w13_email_inbox_limit.py: 14 warnings
tests/test_ml_w14_served_model_billing.py: 10 warnings
tests/test_ml_w17_application_race_unique_index.py: 10 warnings
tests/test_ml_w19_w20_board_sweep_suppression.py: 13 warnings
tests/test_ml_w22_degraded_cost_recording.py: 13 warnings
tests/test_ml_w24_success_path_real_usage.py: 6 warnings
tests/test_ml_w25_autopilot_suppression_visibility.py: 24 warnings
tests/test_ml_w26_refine_claim_guard.py: 6 warnings
tests/test_ml_w4b_interview_panel_attribution.py: 12 warnings
tests/test_ml_w4c_email_agent_quota.py: 18 warnings
tests/test_model_sub_quota.py: 32 warnings
tests/test_mon001_board_sweep_bounded_read.py: 6 warnings
tests/test_mon002_gmail_403_backoff.py: 10 warnings
tests/test_mon006_wellfound_404_blocked.py: 2 warnings
tests/test_mon011_honest_format_integrity.py: 4 warnings
tests/test_mon020_async_scout.py: 26 warnings
tests/test_mv_clstudio_003.py: 6 warnings
tests/test_mv_clstudio_j_residuals.py: 17 warnings
tests/test_mv_cluster_a_cover_letter.py: 16 warnings
tests/test_mv_email_center.py: 14 warnings
tests/test_mv_j_correctness.py: 22 warnings
tests/test_mv_resume_grounding.py: 24 warnings
tests/test_mv_resume_studio.py: 33 warnings
tests/test_networking.py: 24 warnings
tests/test_networking_insights.py: 16 warnings
tests/test_offers.py: 9 warnings
tests/test_offers_persist.py: 20 warnings
tests/test_orch_adv_operating_loop.py: 30 warnings
tests/test_orch_adv_story_grounded_outreach.py: 4 warnings
tests/test_part2_remediation.py: 17 warnings
tests/test_password_reset.py: 2 warnings
tests/test_pipeline.py: 5 warnings
tests/test_profile_avatar.py: 21 warnings
tests/test_provider_config.py: 21 warnings
tests/test_provider_oauth_connect.py: 47 warnings
tests/test_resume_format_preserve.py: 22 warnings
tests/test_resume_ingest.py: 10 warnings
tests/test_resume_upload.py: 54 warnings
tests/test_rfmt2_clean_download.py: 14 warnings
tests/test_rfmt5_outbound_preserved_format.py: 13 warnings
tests/test_rt001_no_internals_in_password_errors.py: 5 warnings
tests/test_rt002_empty_bullets_guard.py: 11 warnings
tests/test_rt004_llm_bullet_extraction.py: 17 warnings
tests/test_rt_004_application_card_dedup.py: 17 warnings
tests/test_rt_005_board_stage_sync.py: 23 warnings
tests/test_rt_007_board_sweep.py: 20 warnings
tests/test_rt_008_blocked_source.py: 5 warnings
tests/test_rt_008_event_trigger.py: 20 warnings
tests/test_rt_009_010_apply_wiring.py: 26 warnings
tests/test_sales_agent.py: 80 warnings
tests/test_sales_network_nurture.py: 8 warnings
tests/test_sales_s1_backlog_scan.py: 28 warnings
tests/test_sales_s2_llm_classify.py: 8 warnings
  /root/dev/aether-job-career-agent/apps/api/.venv/lib/python3.12/site-packages/jwt/api_jwt.py:368: InsecureKeyLengthWarning: The HMAC key is 11 bytes long, which is below the minimum recommended length of 32 bytes for SHA256. See RFC 7518 Section 3.2.
    decoded = self.decode_complete(

tests/test_gap_p7_def_a_dual_mode.py::test_garbage_credential_returns_422_naming_both_formats
tests/test_gap_p7_def_a_dual_mode.py::test_legacy_subscription_oauth_label_still_rejected
tests/test_ml_cred_001.py::test_bare_oat_no_digit_still_rejected_as_oauth_token
tests/test_ml_cred_001.py::test_legacy_subscription_oauth_label_still_rejected
tests/test_ml_cred_001.py::test_garbage_credential_still_422_message_never_echoes_secret
tests/test_provider_config.py::TestCredentialEndpoints::test_put_rejects_mismatched_anthropic_prefix
tests/test_provider_config.py::TestCredentialEndpoints::test_anthropic_subscription_oauth_write_is_rejected
  /var/tmp/v6-r184/repo-before/apps/api/app/routers/agents.py:6242: StarletteDeprecationWarning: 'HTTP_422_UNPROCESSABLE_ENTITY' is deprecated. Use 'HTTP_422_UNPROCESSABLE_CONTENT' instead.
    stored_mode, stored_secret = _validate_provider_auth(

tests/test_gap_p7_def_b_email_validation.py: 6 warnings
tests/test_gm2_s15_signup_nul_byte_500.py: 3 warnings
tests/test_interviews.py: 1 warning
tests/test_ml_w13_email_inbox_limit.py: 1 warning
tests/test_mv_j_correctness.py: 1 warning
tests/test_mv_resume_grounding.py: 3 warnings
tests/test_mv_signup_001_bcrypt.py: 1 warning
tests/test_offers_persist.py: 1 warning
tests/test_password_reset.py: 1 warning
tests/test_resume_ingest.py: 1 warning
tests/test_rt002_empty_bullets_guard.py: 1 warning
tests/test_sales_agent.py: 1 warning
  /root/dev/aether-job-career-agent/apps/api/.venv/lib/python3.12/site-packages/starlette/_exception_handler.py:59: StarletteDeprecationWarning: 'HTTP_422_UNPROCESSABLE_ENTITY' is deprecated. Use 'HTTP_422_UNPROCESSABLE_CONTENT' instead.
    response = await handler(conn, exc)  # type: ignore[arg-type]

tests/test_gap_p7_discovery_002_cron.py::TestDiscoverySweepUserTask::test_task_reports_a_missing_search_target_honestly_never_raises
  /var/tmp/v6-r184/repo-before/apps/api/app/routers/agents.py:2453: StarletteDeprecationWarning: 'HTTP_422_UNPROCESSABLE_ENTITY' is deprecated. Use 'HTTP_422_UNPROCESSABLE_CONTENT' instead.
    raise _missing_search_target_422(missing)

tests/test_gm2_s15_stored_signoff_leak_paths.py: 2 warnings
tests/test_ml_admin_003_nul_query_param.py: 5 warnings
tests/test_model_sub_quota.py: 2 warnings
tests/test_mv_resume_grounding.py: 1 warning
tests/test_networking.py: 1 warning
tests/test_offers_persist.py: 1 warning
tests/test_provider_oauth_connect.py: 1 warning
tests/test_rt_009_010_apply_wiring.py: 2 warnings
  /root/dev/aether-job-career-agent/apps/api/.venv/lib/python3.12/site-packages/anyio/_backends/_asyncio.py:1033: StarletteDeprecationWarning: 'HTTP_422_UNPROCESSABLE_ENTITY' is deprecated. Use 'HTTP_422_UNPROCESSABLE_CONTENT' instead.
    result = context.run(func, *args)

tests/test_gm2_s15_stored_signoff_leak_paths.py::test_refine_refuses_contaminated_stored_letter[GAP-P7-DEF-B Probe 1785452243543]
tests/test_gm2_s15_stored_signoff_leak_paths.py::test_refine_refuses_contaminated_stored_letter[GAP-P7-DEF-B Probe 1784823962960]
tests/test_ml_w26_refine_claim_guard.py::TestRefineClaimGuard::test_refine_rejects_unevidenced_jd_sourced_claim
  /var/tmp/v6-r184/repo-before/apps/api/app/routers/cover_letters.py:1143: StarletteDeprecationWarning: 'HTTP_422_UNPROCESSABLE_ENTITY' is deprecated. Use 'HTTP_422_UNPROCESSABLE_CONTENT' instead.
    lambda: _refine_cover_letter_body(letter_id, body, current_user),

tests/test_gmv2_wf_stage_patch.py::TestStagePatchEndpointExists::test_illegal_job_fed_target_is_422_with_honest_message
  /var/tmp/v6-r184/repo-before/apps/api/app/services/stage_transitions.py:156: StarletteDeprecationWarning: 'HTTP_422_UNPROCESSABLE_ENTITY' is deprecated. Use 'HTTP_422_UNPROCESSABLE_CONTENT' instead.
    new_status = validate_stage(to_stage, APP_STAGE_TO_STATUS, "application")

tests/test_gmv2_wf_stage_patch.py::TestStagePatchEndpointExists::test_closed_application_cannot_move
  /var/tmp/v6-r184/repo-before/apps/api/app/routers/applications.py:1041: StarletteDeprecationWarning: 'HTTP_422_UNPROCESSABLE_ENTITY' is deprecated. Use 'HTTP_422_UNPROCESSABLE_CONTENT' instead.
    move_application_stage(

tests/test_linkedin_contact_import.py::test_wrong_file_types_are_honest_422
tests/test_profile_avatar.py::test_rejects_unsupported_formats_without_writing
tests/test_resume_upload.py::test_upload_rejects_too_short_content
  /root/dev/aether-job-career-agent/apps/api/.venv/lib/python3.12/site-packages/fastapi/routing.py:352: StarletteDeprecationWarning: 'HTTP_422_UNPROCESSABLE_ENTITY' is deprecated. Use 'HTTP_422_UNPROCESSABLE_CONTENT' instead.
    return await dependant.call(**values)

tests/test_ml_admin_003_nul_query_param.py::test_admin_users_q_nul_byte_returns_422_not_500
tests/test_ml_admin_003_nul_query_param.py::test_admin_users_plan_nul_byte_returns_422_not_500
tests/test_ml_admin_003_nul_query_param.py::test_admin_users_nul_byte_recovers_for_next_normal_request[q]
tests/test_ml_admin_003_nul_query_param.py::test_admin_users_nul_byte_recovers_for_next_normal_request[plan]
  /var/tmp/v6-r184/repo-before/apps/api/app/repositories/admin.py:671: StarletteDeprecationWarning: 'HTTP_422_UNPROCESSABLE_ENTITY' is deprecated. Use 'HTTP_422_UNPROCESSABLE_CONTENT' instead.
    cur.execute(f'SELECT count(*) {from_sql}{where_sql}', params)

tests/test_ml_admin_003_nul_query_param.py::test_networking_contacts_company_nul_byte_returns_422_not_500
  /var/tmp/v6-r184/repo-before/apps/api/app/routers/networking.py:512: StarletteDeprecationWarning: 'HTTP_422_UNPROCESSABLE_ENTITY' is deprecated. Use 'HTTP_422_UNPROCESSABLE_CONTENT' instead.
    cur.execute(

tests/test_ml_admin_003_nul_query_param.py::test_networking_outreach_contact_id_nul_byte_returns_422_not_500
  /var/tmp/v6-r184/repo-before/apps/api/app/routers/networking.py:686: StarletteDeprecationWarning: 'HTTP_422_UNPROCESSABLE_ENTITY' is deprecated. Use 'HTTP_422_UNPROCESSABLE_CONTENT' instead.
    cur.execute(

tests/test_ml_admin_003_nul_query_param.py::test_workspaces_emails_inbox_thread_id_nul_byte_returns_422_not_500
  /var/tmp/v6-r184/repo-before/apps/api/app/routers/workspaces.py:729: StarletteDeprecationWarning: 'HTTP_422_UNPROCESSABLE_ENTITY' is deprecated. Use 'HTTP_422_UNPROCESSABLE_CONTENT' instead.
    cur.execute(

tests/test_ml_admin_003_nul_query_param.py::test_interviews_application_id_nul_byte_returns_422_not_500
  /var/tmp/v6-r184/repo-before/apps/api/app/routers/interviews.py:462: StarletteDeprecationWarning: 'HTTP_422_UNPROCESSABLE_ENTITY' is deprecated. Use 'HTTP_422_UNPROCESSABLE_CONTENT' instead.
    cur.execute(

tests/test_ml_adv_002_oauth_exchange_status.py::test_exchange_rejected_code_returns_422_not_502
  /var/tmp/v6-r184/repo-before/apps/api/app/routers/agents.py:6789: StarletteDeprecationWarning: 'HTTP_422_UNPROCESSABLE_ENTITY' is deprecated. Use 'HTTP_422_UNPROCESSABLE_CONTENT' instead.
    tok = _mint_anthropic_token(body.pastedCode, current_user["id"])

tests/test_ml_catalog_fix1.py::test_unknown_model_id_rejected_valid_model_accepted
tests/test_ml_model_curation.py::test_denylisted_model_not_offered_and_rejected_on_save
tests/test_model_sub_quota.py::test_saving_an_unknown_claude_id_is_rejected_422_never_substituted
  /var/tmp/v6-r184/repo-before/apps/api/app/routers/agents.py:5729: StarletteDeprecationWarning: 'HTTP_422_UNPROCESSABLE_ENTITY' is deprecated. Use 'HTTP_422_UNPROCESSABLE_CONTENT' instead.
    _validate_agent_model(model_in, user_id, agent_key)

tests/test_ml_cred_002_anthropic_oauth.py::test_exchange_malformed_pasted_code_rejected_422[justacodenohashmark-no-hash-separator]
tests/test_ml_cred_002_anthropic_oauth.py::test_exchange_malformed_pasted_code_rejected_422[CODEVALUE#-empty-state-half]
tests/test_ml_cred_002_anthropic_oauth.py::test_exchange_malformed_pasted_code_rejected_422[#STATEVALUE-empty-code-half]
tests/test_ml_cred_002_anthropic_oauth.py::test_exchange_malformed_pasted_code_rejected_422[-empty-string]
  /var/tmp/v6-r184/repo-before/apps/api/app/routers/agents.py:6730: StarletteDeprecationWarning: 'HTTP_422_UNPROCESSABLE_ENTITY' is deprecated. Use 'HTTP_422_UNPROCESSABLE_CONTENT' instead.
    code, state = _parse_pasted_oauth_code(pasted_code)

tests/test_ml_f1_f3_run_route_and_agent_list.py::test_generic_run_route_returns_422_for_a_fabrication_rejection
tests/test_ml_f1_f3_run_route_and_agent_list.py::test_generic_run_route_returns_422_for_a_structural_rejection
tests/test_ml_f1_f3_run_route_and_agent_list.py::test_a_guard_rejection_through_the_generic_route_is_still_refunded
  /var/tmp/v6-r184/repo-before/apps/api/app/routers/agents.py:7483: StarletteDeprecationWarning: 'HTTP_422_UNPROCESSABLE_ENTITY' is deprecated. Use 'HTTP_422_UNPROCESSABLE_CONTENT' instead.
    raise _guard_rejection_http_error(_display_for_backend(name), exc) from exc

tests/test_ml_f1_f3_run_route_and_agent_list.py::test_the_dedicated_cover_letter_route_keeps_its_422_wording
  /var/tmp/v6-r184/repo-before/apps/api/app/routers/agents.py:3980: StarletteDeprecationWarning: 'HTTP_422_UNPROCESSABLE_ENTITY' is deprecated. Use 'HTTP_422_UNPROCESSABLE_CONTENT' instead.
    raise _guard_rejection_http_error("Cover letter", exc) from exc

tests/test_mv_j_correctness.py::test_admin_settings_malformed_json_authed_is_422
  /var/tmp/v6-r184/repo-before/apps/api/app/routers/admin.py:661: StarletteDeprecationWarning: 'HTTP_422_UNPROCESSABLE_ENTITY' is deprecated. Use 'HTTP_422_UNPROCESSABLE_CONTENT' instead.
    body = await _parse_settings_body(request)

tests/test_profile_avatar.py::test_rejects_oversized_upload
tests/test_resume_upload.py::test_upload_rejects_files_over_10mb
  /root/dev/aether-job-career-agent/apps/api/.venv/lib/python3.12/site-packages/fastapi/routing.py:352: StarletteDeprecationWarning: 'HTTP_413_REQUEST_ENTITY_TOO_LARGE' is deprecated. Use 'HTTP_413_CONTENT_TOO_LARGE' instead.
    return await dependant.call(**values)

tests/test_provider_oauth_connect.py::test_exchange_malformed_pasted_code_422
  /var/tmp/v6-r184/repo-before/apps/api/app/routers/agents.py:7172: StarletteDeprecationWarning: 'HTTP_422_UNPROCESSABLE_ENTITY' is deprecated. Use 'HTTP_422_UNPROCESSABLE_CONTENT' instead.
    code, state = _parse_pasted_oauth_code(body.pastedCode)

tests/test_resume_upload.py::test_upload_rejects_unparseable_pdf
  /var/tmp/v6-r184/repo-before/apps/api/app/routers/resumes.py:251: StarletteDeprecationWarning: 'HTTP_422_UNPROCESSABLE_ENTITY' is deprecated. Use 'HTTP_422_UNPROCESSABLE_CONTENT' instead.
    return _extract_pdf_text(data), _PDF_CONTENT_TYPE

tests/test_resume_upload.py::test_upload_rejects_undecodable_docx_junk_honestly
tests/test_resume_upload.py::test_upload_rejects_undecodable_binary_with_image_extension
  /var/tmp/v6-r184/repo-before/apps/api/app/routers/resumes.py:363: StarletteDeprecationWarning: 'HTTP_422_UNPROCESSABLE_ENTITY' is deprecated. Use 'HTTP_422_UNPROCESSABLE_CONTENT' instead.
    raw_text, content_type = _extract_upload_text(filename, data)

tests/test_resume_upload.py::test_upload_rejects_docx_with_malformed_content_types_honestly
tests/test_resume_upload.py::test_upload_rejects_docx_with_corrupted_deflate_stream_honestly
  /var/tmp/v6-r184/repo-before/apps/api/app/routers/resumes.py:253: StarletteDeprecationWarning: 'HTTP_422_UNPROCESSABLE_ENTITY' is deprecated. Use 'HTTP_422_UNPROCESSABLE_CONTENT' instead.
    return _extract_docx_text(data), _DOCX_CONTENT_TYPE

-- Docs: https://docs.pytest.org/en/stable/how-to/capture-warnings.html
1652 passed, 1 skipped, 2493 warnings in 1487.85s (0:24:47)
SLICE_EXIT=0 (/tmp/r184b-slice-ab)
===== SLICE /tmp/r184b-slice-ac =====
[run-tests.sh] DATABASE_URL(_TEST) pinned to schema=aether_test_r184b — safe to proceed.
........................................................................ [  3%]
........................................................................ [  7%]
........................................................................ [ 11%]
........................................................................ [ 15%]
........................................................................ [ 18%]
....................................FFF................................. [ 22%]
........................................................................ [ 26%]
........................................................................ [ 30%]
........................................................................ [ 33%]
........................................................................ [ 37%]
.......................................................Loading weights:   0%|          | 0/103 [00:00<?, ?it/s]................. [ 41%]
........................................................................ [ 45%]
........................................................................ [ 48%]
........................................................................ [ 52%]
............................F........................................... [ 56%]
................................Loading weights:   0%|          | 0/103 [00:00<?, ?it/s]....................Loading weights:   0%|          | 0/103 [00:00<?, ?it/s]......Loading weights:   0%|          | 0/103 [00:00<?, ?it/s].............. [ 60%]
........................................................................ [ 63%]
.........................................Loading weights:   0%|          | 0/103 [00:00<?, ?it/s]Loading weights: 100%|██████████| 103/103 [00:00<00:00, 18046.42it/s]
............................... [ 67%]
...................................................Loading weights:   0%|          | 0/103 [00:00<?, ?it/s]..................... [ 71%]
.Loading weights:   0%|          | 0/103 [00:00<?, ?it/s]....................................................................... [ 75%]
........................................................................ [ 78%]
........................................................................ [ 82%]
........................................................................ [ 86%]
............................Loading weights:   0%|          | 0/103 [00:00<?, ?it/s]....


Loading weights:   0%|          | 0/103 [00:00<?, ?it/s][A[A[A



Loading weights:   0%|          | 0/103 [00:00<?, ?it/s][A[A[A[ALoading weights:  83%|████████▎ | 86/103 [00:00<00:00, 189.86it/s][A[A[A[A..

Loading weights:   0%|          | 0/103 [00:00<?, ?it/s][A[A...................................... [ 90%]
........................................................................ [ 93%]
........................................................................ [ 97%]
............................................                             [100%]
=================================== FAILURES ===================================
_ TestSyntheticFormPlan.test_without_the_bank_both_classes_are_honest_manual_steps _

self = <test_sub008_answer_bank_seed_classes.TestSyntheticFormPlan object at 0x7546ffe10500>

    def test_without_the_bank_both_classes_are_honest_manual_steps(self):
        """RED-side control: with nothing banked the plan MUST still refuse —
        this fix widens what the bank covers, it never invents an answer."""
        from app.services.apply_executor import ManualStepRequired, build_form_fill_plan
    
        with pytest.raises(ManualStepRequired) as exc_info:
            build_form_fill_plan(
                SYNTHETIC_FORM_HTML, channel="greenhouse", profile=PROFILE
            )
        assert exc_info.value.reason == "unknown_required_question"
        question = exc_info.value.question or ""
>       assert "How did you hear" in question
E       AssertionError: assert 'How did you hear' in 'I certify that the information provided in this application is true and complete.'

../../../repo/apps/api/tests/test_sub008_answer_bank_seed_classes.py:394: AssertionError
_ TestSyntheticFormPlan.test_the_seeded_bank_removes_the_manual_step_entirely __

self = <test_sub008_answer_bank_seed_classes.TestSyntheticFormPlan object at 0x7546ffe107a0>

    def test_the_seeded_bank_removes_the_manual_step_entirely(self):
        from app.services.answer_bank import build_resolver
        from app.services.apply_executor import build_form_fill_plan
    
        plan = build_form_fill_plan(
            SYNTHETIC_FORM_HTML,
            channel="greenhouse",
            profile=PROFILE,
            answer_bank=build_resolver(_seeded_bank()),
        )
        assert plan["unanswerable_required"] == []
        values = {f["name"]: f["value"] for f in plan["fields"]}
>       assert values["question_88001"] == USER_REFERRAL_ANSWER
E       AssertionError: assert 'Other' == 'LinkedIn Job... I apply for.'
E         
E         - LinkedIn Jobs — that is where I find most of the roles I apply for.
E         + Other

../../../repo/apps/api/tests/test_sub008_answer_bank_seed_classes.py:409: AssertionError
______ TestSyntheticFormPlan.test_every_auto_answer_carries_its_audit_row ______

self = <test_sub008_answer_bank_seed_classes.TestSyntheticFormPlan object at 0x7546ffe10ad0>

    def test_every_auto_answer_carries_its_audit_row(self):
        from app.services.answer_bank import build_resolver
        from app.services.apply_executor import build_form_fill_plan
    
        plan = build_form_fill_plan(
            SYNTHETIC_FORM_HTML,
            channel="greenhouse",
            profile=PROFILE,
            answer_bank=build_resolver(_seeded_bank()),
        )
        audit = {row["fieldName"]: row for row in plan["answerBankAudit"]}
>       assert set(audit) == {"question_88001", "question_88002"}
E       AssertionError: assert {'question_88002'} == {'question_88...estion_88002'}
E         
E         Extra items in the right set:
E         'question_88001'
E         Use -v to get more diff

../../../repo/apps/api/tests/test_sub008_answer_bank_seed_classes.py:423: AssertionError
________ test_verification_gate_never_bypasses_the_r7_submission_guard _________

tmp_path = PosixPath('/tmp/pytest-of-root/pytest-13/test_verification_gate_never_b0')

    def test_verification_gate_never_bypasses_the_r7_submission_guard(tmp_path) -> None:
        from app.services.apply_executor import playwright_form_submitter
    
        plan = {
            "fields": [
                {
                    "name": "name",
                    "label": "Full name",
                    "kind": "text",
                    "required": True,
                    "scope": '[data-field-path="name"]',
                    "value": "Jordan Blake",
                    "options": [],
                }
            ]
        }
        with pytest.raises(ManualStepRequired) as exc_info:
            playwright_form_submitter(
                application_id="u5d4-guard-first-click",
                channel="ashby",
                page_html="",
                apply_url=_data_url(_MOUSEDOWN_REVEAL_GATE_FORM),
                plan=plan,
                resume_pdf_bytes=b"%PDF-1.4 fake",
                cover_letter_text="Dear Hiring Manager,",
                evidence_dir=str(tmp_path),
                profile={},
                answer_bank=None,
                # A user_id IS supplied, deliberately: if the guard ever failed
                # to preempt the gate check, this user_id would make the loop
                # attempt a REAL Gmail read next — proving the guard, not a
                # missing user_id, is what stops this.
                user_id="u5d4-test-user",
                company="Acme Corp",
            )
        err = exc_info.value
        # The R7 guard's own reason — NOT the verification-code loop's. If this
        # ever regresses to "verification_code_email", the loop ran on a click
        # the guard should have blocked outright.
>       assert err.reason == "unplanned_required_field"
E       AssertionError: assert 'verification_code_email' == 'unplanned_required_field'
E         
E         - unplanned_required_field
E         + verification_code_email

../../../repo/apps/api/tests/test_u5d4_verification_code_loop.py:346: AssertionError
=============================== warnings summary ===============================
../../../../../../root/dev/aether-job-career-agent/apps/api/.venv/lib/python3.12/site-packages/passlib/utils/__init__.py:854
  /root/dev/aether-job-career-agent/apps/api/.venv/lib/python3.12/site-packages/passlib/utils/__init__.py:854: DeprecationWarning: 'crypt' is deprecated and slated for removal in Python 3.13
    from crypt import crypt as _crypt

../../../../../../root/dev/aether-job-career-agent/apps/api/.venv/lib/python3.12/site-packages/fastapi/testclient.py:1
  /root/dev/aether-job-career-agent/apps/api/.venv/lib/python3.12/site-packages/fastapi/testclient.py:1: StarletteDeprecationWarning: Using `httpx` with `starlette.testclient` is deprecated; install `httpx2` instead.
    from starlette.testclient import TestClient as TestClient  # noqa

tests/test_sales_s3_output_honesty.py: 5 warnings
tests/test_sales_s4_linkedin_cadence.py: 8 warnings
tests/test_scout_live_sources.py: 3 warnings
tests/test_sec422_validation_redaction.py: 2 warnings
tests/test_settings_job_board_catalog.py: 9 warnings
tests/test_setup1_answer_bank_agent_wiring.py: 2 warnings
tests/test_setup1_answer_bank_readiness.py: 3 warnings
tests/test_sfix_a_discovery_scale.py: 1 warning
tests/test_sfix_s4_board_sweep_spend_cap.py: 3 warnings
tests/test_sfix_s4_review_midjob_cap_and_rollover.py: 5 warnings
tests/test_source_availability.py: 7 warnings
tests/test_stopall_enforcement.py: 11 warnings
tests/test_storm1_paused_row_storm.py: 5 warnings
tests/test_story_bank.py: 3 warnings
tests/test_story_bank_enrichment.py: 6 warnings
tests/test_story_category_filter.py: 2 warnings
tests/test_story_create_no_silent_overwrite.py: 4 warnings
tests/test_story_dedup.py: 14 warnings
tests/test_story_dedup_archive_restore.py: 5 warnings
tests/test_story_dedup_invocation.py: 5 warnings
tests/test_sub006_greenhouse_canonical.py: 2 warnings
tests/test_sub007_confirmation_classification.py: 6 warnings
tests/test_sub010_answer_pack.py: 10 warnings
tests/test_sub_learn_evidence_pack.py: 2 warnings
tests/test_sub_live_form_wait.py: 3 warnings
tests/test_subscriber_welcome.py: 2 warnings
tests/test_tailor_response_http_contract.py: 4 warnings
tests/test_tailor_score_persistence_e2e.py: 3 warnings
tests/test_tailoring_agent.py: 6 warnings
tests/test_u1x_a_anthropic_catalog.py: 5 warnings
tests/test_u1x_a_reliability.py: 3 warnings
tests/test_u1x_b_orchestrator_role.py: 5 warnings
tests/test_u2b_document_integrity.py: 1 warning
tests/test_u2b_fidelity_coherence.py: 2 warnings
tests/test_u2b_fidelity_verification.py: 5 warnings
tests/test_u2b_format_engine.py: 2 warnings
tests/test_u2b_format_engine_paths.py: 4 warnings
tests/test_u2b_render_completeness.py: 1 warning
tests/test_u2c_dedup_mirror_reconcile.py: 9 warnings
tests/test_u2c_gate_enforcement.py: 8 warnings
tests/test_u2c_refine_gate.py: 4 warnings
tests/test_u5_applications_read_manual_step.py: 3 warnings
tests/test_u5_close_apply_sweep_status_endpoint.py: 3 warnings
tests/test_u5_email_retry.py: 2 warnings
tests/test_u5_invariant_sweep.py: 9 warnings
tests/test_u5_stale_approval_and_batch.py: 13 warnings
tests/test_u5a_apply_channel_resolver.py: 2 warnings
tests/test_u5b_apply_executor.py: 11 warnings
tests/test_u5d2_agent_reaches_u5_engine.py: 17 warnings
tests/test_u5d2_dry_run_e2e.py: 1 warning
tests/test_u5d2_per_card_submission.py: 24 warnings
tests/test_u5d2_qa_cleanup_script.py: 6 warnings
tests/test_u5d3_answer_bank_api.py: 19 warnings
tests/test_u5d3_answer_bank_capture.py: 8 warnings
tests/test_u5d3_answer_bank_store.py: 18 warnings
tests/test_u5d_submission_truth.py: 18 warnings
tests/test_uagi_model_default.py: 5 warnings
tests/test_uagi_p1a_credential_separation.py: 9 warnings
tests/test_uagi_p1a_executor.py: 7 warnings
tests/test_uagi_p1a_orchestration_plan.py: 19 warnings
tests/test_uagi_p1a_plan_admission.py: 11 warnings
tests/test_uagi_p1a_r5_fallback_fields.py: 5 warnings
tests/test_uax_analytics_agent_policy_api.py: 3 warnings
tests/test_uax_instrumentation.py: 3 warnings
tests/test_uax_orchestration_map_api.py: 5 warnings
tests/test_uax_r3_policy_progress.py: 9 warnings
tests/test_uax_r3_provenance.py: 12 warnings
tests/test_uax_rigor_policy.py: 1 warning
tests/test_user_anthropic_oauth_mint.py: 22 warnings
tests/test_ustory1_s5_story_corpus_mirror.py: 6 warnings
tests/test_v5_executed_means_transmitted.py: 3 warnings
tests/test_v5_smartrecruiters_detail_budget.py: 1 warning
tests/test_v5_thin_score_remediation.py: 8 warnings
tests/test_wave4a_catalog_wiring.py: 33 warnings
tests/test_wave4a_company_research_agent.py: 14 warnings
tests/test_wave4a_company_research_hardening.py: 8 warnings
tests/test_wave4a_compliance_agent.py: 7 warnings
tests/test_wave4a_learning_feedback_agent.py: 8 warnings
tests/test_wave4a_market_trends_agent.py: 7 warnings
tests/test_wave4a_salary_intelligence_agent.py: 13 warnings
tests/test_wave4b_interview_prep_agent.py: 26 warnings
tests/test_wave4c_notification_agent.py: 16 warnings
tests/test_wave4c_outreach_contact_agents.py: 29 warnings
tests/test_wave4c_thread_agents.py: 27 warnings
tests/test_wb1_blocker002_placeholder_signer_name.py: 5 warnings
tests/test_wb1_incb001_trial_will_end_webhook.py: 1 warning
tests/test_wb1_incb002_email_verification_toggle.py: 13 warnings
tests/test_wb1_ml_settings_006_nul_byte.py: 4 warnings
tests/test_wc_interview_conversion_rate.py: 4 warnings
tests/test_wc_tailoring_persistence.py: 2 warnings
tests/test_wcal_google_calendar.py: 8 warnings
tests/test_wclean_fixture_marker_audit.py: 2 warnings
tests/test_we_story_dedup_relevance.py: 5 warnings
tests/test_workspaces.py: 8 warnings
tests/test_wsub_real_submission.py: 19 warnings
  /root/dev/aether-job-career-agent/apps/api/.venv/lib/python3.12/site-packages/jwt/api_jwt.py:147: InsecureKeyLengthWarning: The HMAC key is 11 bytes long, which is below the minimum recommended length of 32 bytes for SHA256. See RFC 7518 Section 3.2.
    return self._jws.encode(

tests/test_sales_s3_output_honesty.py: 5 warnings
tests/test_sales_s4_linkedin_cadence.py: 8 warnings
tests/test_scout_live_sources.py: 9 warnings
tests/test_sec422_validation_redaction.py: 4 warnings
tests/test_settings_job_board_catalog.py: 18 warnings
tests/test_setup1_answer_bank_agent_wiring.py: 5 warnings
tests/test_setup1_answer_bank_readiness.py: 6 warnings
tests/test_sfix_a_discovery_scale.py: 3 warnings
tests/test_sfix_s4_board_sweep_spend_cap.py: 3 warnings
tests/test_sfix_s4_review_midjob_cap_and_rollover.py: 5 warnings
tests/test_source_availability.py: 14 warnings
tests/test_stopall_enforcement.py: 21 warnings
tests/test_storm1_paused_row_storm.py: 10 warnings
tests/test_story_bank.py: 8 warnings
tests/test_story_bank_enrichment.py: 13 warnings
tests/test_story_category_filter.py: 4 warnings
tests/test_story_create_no_silent_overwrite.py: 8 warnings
tests/test_story_dedup.py: 24 warnings
tests/test_story_dedup_archive_restore.py: 5 warnings
tests/test_story_dedup_invocation.py: 5 warnings
tests/test_sub006_greenhouse_canonical.py: 2 warnings
tests/test_sub007_confirmation_classification.py: 6 warnings
tests/test_sub010_answer_pack.py: 17 warnings
tests/test_sub_learn_evidence_pack.py: 2 warnings
tests/test_sub_live_form_wait.py: 3 warnings
tests/test_subscriber_welcome.py: 4 warnings
tests/test_tailor_response_http_contract.py: 8 warnings
tests/test_tailor_score_persistence_e2e.py: 3 warnings
tests/test_tailoring_agent.py: 21 warnings
tests/test_u1x_a_anthropic_catalog.py: 7 warnings
tests/test_u1x_a_reliability.py: 4 warnings
tests/test_u1x_b_orchestrator_role.py: 9 warnings
tests/test_u2b_document_integrity.py: 1 warning
tests/test_u2b_fidelity_coherence.py: 4 warnings
tests/test_u2b_fidelity_verification.py: 8 warnings
tests/test_u2b_format_engine.py: 4 warnings
tests/test_u2b_format_engine_paths.py: 8 warnings
tests/test_u2b_render_completeness.py: 2 warnings
tests/test_u2c_dedup_mirror_reconcile.py: 9 warnings
tests/test_u2c_gate_enforcement.py: 13 warnings
tests/test_u2c_refine_gate.py: 13 warnings
tests/test_u5_applications_read_manual_step.py: 6 warnings
tests/test_u5_close_apply_sweep_status_endpoint.py: 6 warnings
tests/test_u5_email_retry.py: 5 warnings
tests/test_u5_invariant_sweep.py: 9 warnings
tests/test_u5_stale_approval_and_batch.py: 16 warnings
tests/test_u5a_apply_channel_resolver.py: 2 warnings
tests/test_u5b_apply_executor.py: 11 warnings
tests/test_u5d2_agent_reaches_u5_engine.py: 20 warnings
tests/test_u5d2_dry_run_e2e.py: 4 warnings
tests/test_u5d2_per_card_submission.py: 46 warnings
tests/test_u5d2_qa_cleanup_script.py: 6 warnings
tests/test_u5d3_answer_bank_api.py: 36 warnings
tests/test_u5d3_answer_bank_capture.py: 15 warnings
tests/test_u5d3_answer_bank_store.py: 18 warnings
tests/test_u5d_submission_truth.py: 21 warnings
tests/test_uagi_model_default.py: 5 warnings
tests/test_uagi_p1a_credential_separation.py: 9 warnings
tests/test_uagi_p1a_executor.py: 7 warnings
tests/test_uagi_p1a_orchestration_plan.py: 42 warnings
tests/test_uagi_p1a_plan_admission.py: 24 warnings
tests/test_uagi_p1a_r5_fallback_fields.py: 6 warnings
tests/test_uax_analytics_agent_policy_api.py: 6 warnings
tests/test_uax_instrumentation.py: 6 warnings
tests/test_uax_orchestration_map_api.py: 10 warnings
tests/test_uax_r3_policy_progress.py: 18 warnings
tests/test_uax_r3_provenance.py: 22 warnings
tests/test_uax_rigor_policy.py: 2 warnings
tests/test_user_anthropic_oauth_mint.py: 44 warnings
tests/test_ustory1_s5_story_corpus_mirror.py: 6 warnings
tests/test_v5_executed_means_transmitted.py: 6 warnings
tests/test_v5_smartrecruiters_detail_budget.py: 1 warning
tests/test_v5_thin_score_remediation.py: 11 warnings
tests/test_wave4a_catalog_wiring.py: 65 warnings
tests/test_wave4a_company_research_agent.py: 25 warnings
tests/test_wave4a_company_research_hardening.py: 11 warnings
tests/test_wave4a_compliance_agent.py: 14 warnings
tests/test_wave4a_learning_feedback_agent.py: 16 warnings
tests/test_wave4a_market_trends_agent.py: 14 warnings
tests/test_wave4a_salary_intelligence_agent.py: 26 warnings
tests/test_wave4b_interview_prep_agent.py: 49 warnings
tests/test_wave4c_notification_agent.py: 38 warnings
tests/test_wave4c_outreach_contact_agents.py: 58 warnings
tests/test_wave4c_thread_agents.py: 59 warnings
tests/test_wb1_blocker002_placeholder_signer_name.py: 17 warnings
tests/test_wb1_incb001_trial_will_end_webhook.py: 1 warning
tests/test_wb1_incb002_email_verification_toggle.py: 13 warnings
tests/test_wb1_ml_settings_006_nul_byte.py: 8 warnings
tests/test_wc_interview_conversion_rate.py: 8 warnings
tests/test_wc_tailoring_persistence.py: 6 warnings
tests/test_wcal_google_calendar.py: 15 warnings
tests/test_wclean_fixture_marker_audit.py: 2 warnings
tests/test_we_story_dedup_relevance.py: 6 warnings
tests/test_workspaces.py: 16 warnings
tests/test_wsub_real_submission.py: 32 warnings
  /root/dev/aether-job-career-agent/apps/api/.venv/lib/python3.12/site-packages/jwt/api_jwt.py:368: InsecureKeyLengthWarning: The HMAC key is 11 bytes long, which is below the minimum recommended length of 32 bytes for SHA256. See RFC 7518 Section 3.2.
    decoded = self.decode_complete(

tests/test_sec422_validation_redaction.py: 8 warnings
tests/test_uax_instrumentation.py: 1 warning
tests/test_uax_rigor_policy.py: 1 warning
tests/test_wb1_ml_settings_006_nul_byte.py: 1 warning
  /root/dev/aether-job-career-agent/apps/api/.venv/lib/python3.12/site-packages/starlette/_exception_handler.py:59: StarletteDeprecationWarning: 'HTTP_422_UNPROCESSABLE_ENTITY' is deprecated. Use 'HTTP_422_UNPROCESSABLE_CONTENT' instead.
    response = await handler(conn, exc)  # type: ignore[arg-type]

tests/test_sec422_validation_redaction.py: 1 warning
tests/test_wb1_incb002_email_verification_toggle.py: 11 warnings
  /var/tmp/v6-r184/repo-before/apps/api/app/routers/admin.py:661: StarletteDeprecationWarning: 'HTTP_422_UNPROCESSABLE_ENTITY' is deprecated. Use 'HTTP_422_UNPROCESSABLE_CONTENT' instead.
    body = await _parse_settings_body(request)

tests/test_u5d2_per_card_submission.py::TestRequestSubmissionEndpoint::test_missing_artifacts_are_refused_with_the_reason
tests/test_u5d3_answer_bank_api.py::TestBankCrud::test_banking_a_blank_answer_is_refused
tests/test_u5d3_answer_bank_capture.py::TestInCardAnswering::test_a_blank_answer_is_refused_and_banks_nothing
tests/test_uax_r3_provenance.py::TestOneGranularityAuthorityForTheBeforeAfterPair::test_resume_with_no_source_job_is_422_not_a_guessed_job
  /root/dev/aether-job-career-agent/apps/api/.venv/lib/python3.12/site-packages/anyio/_backends/_asyncio.py:1033: StarletteDeprecationWarning: 'HTTP_422_UNPROCESSABLE_ENTITY' is deprecated. Use 'HTTP_422_UNPROCESSABLE_CONTENT' instead.
    result = context.run(func, *args)

tests/test_user_anthropic_oauth_mint.py::test_user_exchange_422_on_malformed_paste[]
tests/test_user_anthropic_oauth_mint.py::test_user_exchange_422_on_malformed_paste[   ]
tests/test_user_anthropic_oauth_mint.py::test_user_exchange_422_on_malformed_paste[codeonly]
tests/test_user_anthropic_oauth_mint.py::test_user_exchange_422_on_malformed_paste[#stateonly]
tests/test_user_anthropic_oauth_mint.py::test_user_exchange_422_on_malformed_paste[code#]
  /var/tmp/v6-r184/repo-before/apps/api/app/routers/agents.py:6730: StarletteDeprecationWarning: 'HTTP_422_UNPROCESSABLE_ENTITY' is deprecated. Use 'HTTP_422_UNPROCESSABLE_CONTENT' instead.
    code, state = _parse_pasted_oauth_code(pasted_code)

tests/test_user_anthropic_oauth_mint.py::test_user_exchange_422_when_anthropic_rejects_the_code
  /var/tmp/v6-r184/repo-before/apps/api/app/routers/agents.py:6899: StarletteDeprecationWarning: 'HTTP_422_UNPROCESSABLE_ENTITY' is deprecated. Use 'HTTP_422_UNPROCESSABLE_CONTENT' instead.
    tok = _mint_anthropic_token(body.pastedCode, current_user["id"])

tests/test_wb1_blocker002_placeholder_signer_name.py::test_cover_letter_refuses_placeholder_signer_name[GAP-P7-DEF-B Probe 1785452243543]
tests/test_wb1_blocker002_placeholder_signer_name.py::test_cover_letter_refuses_placeholder_signer_name[QA Test Runner 445566778899]
tests/test_wb1_blocker002_placeholder_signer_name.py::test_cover_letter_refuses_placeholder_signer_name[probe_user_20260731093000]
  /var/tmp/v6-r184/repo-before/apps/api/app/routers/agents.py:3980: StarletteDeprecationWarning: 'HTTP_422_UNPROCESSABLE_ENTITY' is deprecated. Use 'HTTP_422_UNPROCESSABLE_CONTENT' instead.
    raise _guard_rejection_http_error("Cover letter", exc) from exc

tests/test_wb1_blocker002_placeholder_signer_name.py::test_refine_refuses_placeholder_signer_name
  /var/tmp/v6-r184/repo-before/apps/api/app/routers/cover_letters.py:1143: StarletteDeprecationWarning: 'HTTP_422_UNPROCESSABLE_ENTITY' is deprecated. Use 'HTTP_422_UNPROCESSABLE_CONTENT' instead.
    lambda: _refine_cover_letter_body(letter_id, body, current_user),

tests/test_wb1_ml_settings_006_nul_byte.py::test_nul_byte_in_full_name_returns_422_not_500
tests/test_wb1_ml_settings_006_nul_byte.py::test_nul_byte_in_target_role_returns_422_not_500
tests/test_wb1_ml_settings_006_nul_byte.py::test_nul_byte_in_location_returns_422_not_500
  /var/tmp/v6-r184/repo-before/apps/api/app/routers/workspaces.py:1580: StarletteDeprecationWarning: 'HTTP_422_UNPROCESSABLE_ENTITY' is deprecated. Use 'HTTP_422_UNPROCESSABLE_CONTENT' instead.
    cur.execute(

tests/test_wsub_real_submission.py::TestExecuteTransmits::test_refuses_when_no_genuine_recipient
  /var/tmp/v6-r184/repo-before/apps/api/app/routers/approvals.py:367: StarletteDeprecationWarning: 'HTTP_422_UNPROCESSABLE_ENTITY' is deprecated. Use 'HTTP_422_UNPROCESSABLE_CONTENT' instead.
    submitted = _execute_application_submit(approval, current_user)

-- Docs: https://docs.pytest.org/en/stable/how-to/capture-warnings.html
=========================== short test summary info ============================
FAILED tests/test_sub008_answer_bank_seed_classes.py::TestSyntheticFormPlan::test_without_the_bank_both_classes_are_honest_manual_steps
FAILED tests/test_sub008_answer_bank_seed_classes.py::TestSyntheticFormPlan::test_the_seeded_bank_removes_the_manual_step_entirely
FAILED tests/test_sub008_answer_bank_seed_classes.py::TestSyntheticFormPlan::test_every_auto_answer_carries_its_audit_row
FAILED tests/test_u5d4_verification_code_loop.py::test_verification_gate_never_bypasses_the_r7_submission_guard
4 failed, 1912 passed, 2046 warnings in 1111.01s (0:18:31)
SLICE_EXIT=0 (/tmp/r184b-slice-ac)
BEFORE_SUITE_EXIT=1
BEFORE_SUITE_DONE
